Date,ClosePrice,A,B,C,D,E,F,G
20130102,23.05,-9.83842 ,2.69661 ,0.94263 ,-2.41832 ,-5.24304 ,-0.55409 ,-0.61051 
20130103,23.14,-9.82754 ,0.57355 ,-2.09879 ,-0.68123 ,-4.06731 ,-2.74794 ,-0.16338 
20130104,22.89,-9.27926 ,-0.63434 ,0.64400 ,0.44648 ,-4.52334 ,-1.54275 ,-1.46550 
20130107,22.98,-9.20119 ,1.10651 ,0.78749 ,-1.14583 ,-4.40718 ,0.35970 ,-2.60961 
20130108,23.1,-9.50861 ,0.58395 ,-1.29926 ,-0.34204 ,-3.05758 ,-1.08544 ,-2.11695 
20130109,22.89,-9.38591 ,-0.21127 ,-2.41441 ,-0.09054 ,-2.97866 ,-1.52443 ,-1.47846 
20130110,23.25,-9.28186 ,1.25112 ,-1.31505 ,-1.83191 ,-3.43662 ,0.46097 ,-1.49575 
20130111,23.4,-9.39354 ,-1.83186 ,-5.62967 ,-0.00182 ,-2.92103 ,-1.42332 ,-0.88982 
20130114,23.38,-8.83756 ,-3.47677 ,-3.53129 ,0.43174 ,-4.18633 ,-1.22389 ,-0.87120 
20130115,23.62,-8.41623 ,-3.34054 ,-0.26178 ,0.03709 ,-4.98331 ,-0.25880 ,-0.73082 
20130116,23.7,-8.21528 ,-4.90868 ,-4.06559 ,0.23458 ,-3.94687 ,-0.92577 ,-1.32082 
20130117,23.88,-7.66865 ,-5.49575 ,-2.49415 ,-0.47970 ,-4.59966 ,0.09767 ,-1.27449 
20130118,23.77,-7.25266 ,-6.71329 ,-2.43202 ,-0.72528 ,-5.01972 ,-0.21111 ,-0.74657 
20130121,23.84,-6.81476 ,-5.87035 ,0.44590 ,-1.65973 ,-5.02383 ,1.08493 ,-0.94320 
20130122,23.95,-6.77438 ,-5.86863 ,-2.99539 ,-2.66130 ,-3.65364 ,0.17330 ,-0.57377 
20130123,23.97,-6.63768 ,-6.59255 ,-4.22956 ,-2.72329 ,-4.18882 ,-0.65557 ,-0.23543 
20130124,24.06,-6.32343 ,-6.29756 ,-2.44797 ,-3.58269 ,-5.48037 ,-0.38323 ,0.01722 
20130125,24.18,-6.09568 ,-6.84072 ,-2.40202 ,-3.34572 ,-5.49128 ,-0.30872 ,-0.55804 
20130128,24.36,-5.88062 ,-7.31244 ,-4.14411 ,-3.50949 ,-5.39026 ,-0.88615 ,-0.60794 
20130129,24.37,-5.46779 ,-7.43078 ,-3.04131 ,-3.50192 ,-5.86657 ,-1.09159 ,-0.28373 
20130130,24.42,-4.97214 ,-7.18518 ,-1.01463 ,-3.78890 ,-6.12321 ,-0.29854 ,-0.75574 
20130131,24.4,-4.78382 ,-7.16102 ,-1.94034 ,-3.65975 ,-5.28487 ,-0.40681 ,-0.75136 
20130201,24.43,-4.54082 ,-6.56483 ,-0.57498 ,-3.80655 ,-4.87338 ,-0.16952 ,-0.66851 
20130204,24.5,-4.47600 ,-6.20524 ,-1.16269 ,-4.07989 ,-4.46387 ,-0.70470 ,-0.23092 
20130205,24.79,-4.36484 ,-6.45640 ,-2.16883 ,-3.86116 ,-4.29092 ,-0.94150 ,-0.49257 
20130206,24.75,-4.06470 ,-7.54170 ,-5.44918 ,-4.12361 ,-4.72573 ,-2.11488 ,-0.77024 
20130218,24.78,-3.51064 ,-7.02573 ,-0.14584 ,-3.83036 ,-5.96683 ,-1.13934 ,-0.78285 
20130219,24.99,-3.34063 ,-6.78676 ,-1.19242 ,-4.05042 ,-5.17073 ,-0.88805 ,-1.30037 
20130220,25.01,-3.06912 ,-7.43251 ,-1.28328 ,-3.07759 ,-4.55625 ,-1.68761 ,-1.05820 
20130221,24.57,-2.64672 ,-7.07328 ,-2.15220 ,-4.18150 ,-4.72683 ,-0.85256 ,-1.48924 
20130222,24.5,-2.63790 ,-4.15408 ,0.07210 ,-6.52166 ,-4.82023 ,0.91893 ,-1.92601 
20130223,24.5,-3.30765 ,-2.32780 ,-0.38058 ,-5.99326 ,-4.23088 ,-1.16753 ,-0.80649 
20130225,24.76,-3.51692 ,-1.45838 ,-1.05254 ,-5.76641 ,-3.52708 ,-2.59187 ,-0.34690 
20130226,24.82,-3.47278 ,-2.55241 ,-0.77843 ,-4.15926 ,-3.98075 ,-4.27575 ,-0.17357 
20130227,24.57,-3.02289 ,-3.25712 ,-0.04452 ,-3.13932 ,-4.25659 ,-2.88480 ,-1.77364 
20130301,24.76,-2.96497 ,-1.25242 ,1.34250 ,-4.26855 ,-4.21476 ,-1.14756 ,-2.56652 
20130304,24.43,-3.10209 ,-1.85277 ,1.07239 ,-2.49577 ,-3.33701 ,-2.72610 ,-1.96185 
20130305,24.31,-3.21750 ,0.48502 ,-0.12526 ,-4.25818 ,-2.17847 ,-1.80908 ,-2.41538 
20130306,24.4,-3.64887 ,2.13916 ,1.33673 ,-4.35537 ,-2.85298 ,-1.54411 ,-1.74553 
20130307,24.11,-3.91767 ,1.65014 ,1.52845 ,-2.70302 ,-2.84484 ,-2.52387 ,-1.59460 
20130308,24.01,-4.07517 ,3.55752 ,2.19286 ,-3.59470 ,-2.31473 ,-1.73089 ,-1.75390 
20130311,24.29,-4.59362 ,4.46747 ,1.33223 ,-2.94156 ,-1.59070 ,-2.13031 ,-1.79161 
20130312,24.15,-4.77931 ,2.73736 ,1.34670 ,-0.15582 ,-1.93739 ,-3.92300 ,-1.53212 
20130313,23.84,-4.55382 ,3.20026 ,1.79716 ,-0.85778 ,-1.97371 ,-1.86660 ,-2.55708 
20130314,23.55,-4.97009 ,4.41400 ,-0.27734 ,-1.72287 ,-0.52372 ,-0.96400 ,-3.10018 
20130315,23.84,-5.72865 ,5.68463 ,-4.58495 ,-3.06326 ,0.39563 ,-0.35908 ,-3.15207 
20130318,23.83,-6.13819 ,4.12015 ,0.27481 ,-0.07978 ,-2.43606 ,-2.59697 ,-0.84147 
20130319,24.01,-5.91203 ,3.63356 ,1.64949 ,0.48889 ,-3.01822 ,-1.59471 ,-1.67218 
20130320,23.67,-5.85680 ,2.08755 ,0.38684 ,1.91747 ,-2.06592 ,-1.81422 ,-2.16772 
20130321,23.33,-5.80525 ,3.57698 ,1.31761 ,0.23894 ,-2.19934 ,0.85062 ,-3.28116 
20130322,23.38,-6.51143 ,5.32963 ,0.30778 ,-1.02635 ,-1.40427 ,0.77024 ,-1.88383 
20130325,22.92,-7.04289 ,4.99046 ,1.38211 ,0.09947 ,-1.65806 ,-0.19401 ,-1.03731 
20130326,23.05,-7.55000 ,7.15665 ,-0.60625 ,-2.00507 ,-0.22300 ,0.51122 ,-0.89210 
20130327,23.57,-8.17784 ,6.19936 ,-0.50980 ,-0.47262 ,-0.63080 ,-0.69296 ,-0.51720 
20130328,23.68,-8.08388 ,2.38231 ,-2.24896 ,2.83353 ,-0.96606 ,-3.19305 ,-0.33733 
20130329,23.87,-7.40874 ,1.16939 ,-1.94677 ,2.86929 ,-1.39259 ,-1.78670 ,-1.20231 
20130401,23.84,-6.93249 ,-0.45519 ,0.52299 ,4.08337 ,-2.67831 ,-0.67604 ,-1.73010 
20130402,23.65,-6.51123 ,-0.93916 ,0.33583 ,3.43439 ,-1.87877 ,0.93295 ,-2.18882 
20130403,23.59,-6.46867 ,0.01326 ,0.74945 ,1.65346 ,-1.30208 ,2.15383 ,-1.28888 
20130408,23.88,-6.59828 ,0.50373 ,1.58500 ,0.74687 ,-0.98352 ,1.97223 ,-0.43864 
20130409,23.71,-6.54056 ,-1.27766 ,0.09190 ,1.96750 ,-0.16416 ,0.30385 ,0.54112 
20130410,23.75,-6.22957 ,-0.65677 ,1.50250 ,0.62723 ,-0.53689 ,1.50891 ,0.20228 
20130411,23.89,-6.29065 ,-0.77174 ,2.11885 ,0.89555 ,-0.52174 ,0.95744 ,0.32405 
20130412,24.42,-6.19446 ,-1.48443 ,-1.70001 ,0.52595 ,1.38355 ,0.13343 ,-0.03887 
20130415,24.62,-5.62640 ,-4.26987 ,-1.86261 ,2.06330 ,0.85687 ,-1.59190 ,0.48401 
20130416,24.79,-4.79382 ,-5.81550 ,-4.98405 ,1.40690 ,0.82094 ,-0.92036 ,-0.48785 
20130417,24.8,-4.12323 ,-6.77026 ,-2.11882 ,1.61206 ,-0.87458 ,-0.46834 ,0.02995 
20130418,24.83,-3.50966 ,-6.88669 ,-0.64115 ,0.92644 ,-1.25744 ,0.92657 ,-0.53357 
20130419,24.91,-3.25495 ,-6.37602 ,-3.52303 ,-0.52571 ,-0.32260 ,1.03342 ,-0.52363 
20130422,24.48,-2.95491 ,-6.45152 ,0.05065 ,-0.31348 ,-1.86432 ,1.23942 ,0.18106 
20130423,24.67,-2.99834 ,-3.71836 ,-1.39086 ,-3.64640 ,-1.15401 ,2.82025 ,-0.14212 
20130424,24.93,-3.28079 ,-3.70607 ,0.69291 ,-2.28009 ,-1.33410 ,-0.08837 ,1.82653 
20130425,24.96,-2.90185 ,-5.06215 ,0.81811 ,-1.10556 ,-1.11270 ,-1.19578 ,1.37267 
20130426,24.87,-2.55975 ,-4.76425 ,-2.91190 ,-2.28847 ,0.00962 ,-1.16181 ,0.48105 
20130429,25.01,-2.38152 ,-4.25579 ,-0.56981 ,-2.48643 ,-1.55809 ,0.00846 ,-0.26735 
20130430,24.9,-2.29041 ,-4.44929 ,1.41791 ,-1.65934 ,-1.95265 ,-0.56820 ,0.40329 
20130502,24.92,-2.17693 ,-3.68015 ,0.78569 ,-2.43008 ,-0.96244 ,-0.48936 ,0.27265 
20130503,24.65,-2.13486 ,-3.20109 ,2.08104 ,-2.13361 ,-0.79621 ,-0.94725 ,0.53993 
20130506,24.78,-2.20280 ,-1.28015 ,2.44052 ,-3.61825 ,-0.59613 ,0.61757 ,-0.18035 
20130507,24.75,-2.53171 ,-1.32578 ,1.49757 ,-2.52533 ,0.23644 ,-1.80350 ,0.60152 
20130508,24.91,-2.35025 ,-0.36899 ,1.73934 ,-3.06819 ,0.44655 ,-0.88855 ,-0.24772 
20130509,24.92,-2.37747 ,-1.10095 ,2.44645 ,-1.39820 ,0.20076 ,-2.38096 ,0.18936 
20130510,24.53,-2.21686 ,-1.53424 ,0.50137 ,-1.18508 ,1.00693 ,-1.59652 ,-1.22036 
20130513,24.44,-2.30424 ,1.32672 ,2.00477 ,-3.36063 ,0.50680 ,0.10511 ,-1.54836 
20130514,24.4,-2.88348 ,2.50521 ,2.01163 ,-2.99301 ,0.48994 ,-1.13160 ,-0.55050 
20130515,24.32,-3.21444 ,3.18438 ,2.83972 ,-2.36112 ,0.51092 ,-1.93123 ,-0.33591 
20130516,24.66,-3.48655 ,3.79224 ,1.80181 ,-2.25662 ,1.11836 ,-2.10154 ,-0.44156 
20130517,24.74,-3.54096 ,1.61296 ,0.04165 ,0.30746 ,1.43783 ,-3.87592 ,-0.36265 
20130520,24.41,-3.12529 ,0.26899 ,1.81271 ,1.44080 ,-0.07859 ,-2.48462 ,-1.54343 
20130521,24.7,-3.09868 ,2.38450 ,2.76934 ,-0.24874 ,-0.26017 ,0.02887 ,-2.31952 
20130522,24.57,-3.32861 ,0.50384 ,1.82435 ,2.08363 ,0.25374 ,-1.37918 ,-1.56062 
20130523,24.37,-3.11374 ,1.12851 ,1.48250 ,0.81818 ,0.76109 ,0.27191 ,-1.59492 
20130524,24.24,-3.28120 ,2.82729 ,1.24249 ,-0.65277 ,1.19150 ,1.00597 ,-1.21705 
20130527,24.32,-3.70093 ,3.66593 ,1.31004 ,-0.49357 ,1.12243 ,0.84237 ,-1.39046 
20130528,24.42,-3.92995 ,3.72276 ,2.19136 ,0.21533 ,0.89343 ,-0.52877 ,-0.18200 
20130529,24.31,-3.86388 ,3.16838 ,1.60771 ,0.93748 ,1.01977 ,-1.08355 ,-0.25711 
20130530,24.31,-3.85553 ,3.83315 ,0.55784 ,0.37326 ,1.69536 ,-0.37402 ,-1.57278 
20130531,24.49,-3.98039 ,3.69079 ,1.54907 ,0.77744 ,0.95966 ,-0.39622 ,-1.52809 
20130603,24.66,-3.96478 ,2.33494 ,0.69237 ,2.21261 ,1.11344 ,-1.63995 ,-0.81339 
20130604,24.81,-3.61787 ,0.51251 ,2.06291 ,3.56557 ,0.25168 ,-1.10083 ,-0.67771 
20130605,25.1,-3.23013 ,-0.85980 ,-1.83911 ,3.46167 ,2.33717 ,-0.27021 ,-1.76138 
20130606,25.16,-2.89356 ,-3.01575 ,-11.11698 ,2.66838 ,4.46677 ,-0.51478 ,-2.18959 
20130607,25.69,-2.18260 ,-3.91405 ,0.33614 ,3.41376 ,-0.95871 ,1.03195 ,-0.90046 
20130610,25.68,-1.71142 ,-6.35274 ,-7.48647 ,3.27997 ,0.98545 ,-0.55770 ,-0.43810 
20130611,25.66,-0.63697 ,-6.41308 ,-0.40223 ,2.58630 ,-1.16184 ,1.55981 ,-0.69041 
20130613,25.42,-0.27700 ,-6.53867 ,-1.39819 ,1.20817 ,-0.78107 ,2.06162 ,-0.41477 
20130614,25.56,-0.14172 ,-5.04870 ,-1.80804 ,-1.06749 ,-0.14219 ,3.03898 ,-0.44153 
20130617,25.83,-0.24690 ,-4.71927 ,0.34209 ,-1.01744 ,-0.72698 ,0.84907 ,1.92070 
20130618,25.48,0.04122 ,-6.23208 ,-1.91445 ,-0.08225 ,0.11179 ,-0.41779 ,1.62140 
20130619,25.41,0.46348 ,-3.64509 ,1.66928 ,-2.80515 ,-0.76951 ,2.02571 ,0.81621 
20130620,25.79,0.14962 ,-2.69028 ,1.25177 ,-2.99784 ,0.01286 ,0.76909 ,0.60681 
20130621,25.72,0.16242 ,-4.75796 ,-0.55187 ,-0.73645 ,0.50359 ,-2.21578 ,1.23190 
20130624,25.75,0.68346 ,-3.82063 ,2.04146 ,-1.75330 ,-0.42746 ,-0.94450 ,0.71915 
20130625,25.88,0.80082 ,-4.04105 ,0.92435 ,-1.42178 ,0.38089 ,-0.82783 ,-0.18861 
20130626,25.83,0.95341 ,-4.85803 ,0.26903 ,-0.56130 ,0.53908 ,-0.84120 ,-0.54496 
20130627,25.99,1.19915 ,-3.86428 ,0.69017 ,-1.56121 ,0.74417 ,-0.13040 ,-0.33008 
20130628,25.82,1.28384 ,-4.80120 ,0.95143 ,-0.38674 ,0.41271 ,-1.00995 ,-0.14596 
20130701,25.76,1.42800 ,-3.46985 ,0.97166 ,-1.84515 ,0.51266 ,0.62888 ,-0.55650 
20130702,25.56,1.29558 ,-2.64548 ,1.33807 ,-2.13318 ,0.84030 ,-0.02792 ,-0.03540 
20130703,25.58,1.15461 ,-0.68346 ,1.86315 ,-3.52025 ,0.81226 ,0.20857 ,-0.49267 
20130704,25.62,0.90724 ,0.23424 ,2.30975 ,-3.46167 ,0.89459 ,-1.11357 ,0.13621 
20130705,26.09,0.79994 ,0.26138 ,1.96512 ,-2.55637 ,0.97467 ,-2.10686 ,-0.05411 
20130708,26.48,0.76221 ,-2.95255 ,-10.42965 ,-1.76935 ,3.08427 ,-4.73670 ,-0.18211 
20130709,26.48,1.75804 ,-5.47549 ,-2.71000 ,0.48694 ,-1.44974 ,-3.45663 ,-0.89244 
20130710,26.19,2.55838 ,-5.53071 ,0.32387 ,0.30023 ,-2.68396 ,-1.53967 ,-1.49920 
20130711,26.08,2.71431 ,-3.62622 ,0.74612 ,-1.27757 ,-1.70650 ,0.81751 ,-1.97921 
20130712,27.9,2.45080 ,-2.06872 ,1.88486 ,-2.04318 ,-1.29251 ,0.61318 ,-0.77508 
20130715,26.48,3.04785 ,-9.12152 ,-5.90701 ,3.71418 ,-0.07481 ,-7.37712 ,2.71835 
20130716,26.64,4.82791 ,-2.50390 ,-3.70108 ,-5.08226 ,-1.20625 ,2.85804 ,-1.38410 
20130717,26.24,3.83563 ,-2.50484 ,-1.06336 ,-2.40941 ,-1.74079 ,-0.25972 ,-0.11246 
20130718,26.41,3.69266 ,-0.27777 ,0.81274 ,-3.45736 ,-1.90189 ,1.05896 ,-0.41576 
20130719,26.57,3.34488 ,0.63905 ,1.84351 ,-3.41001 ,-1.44243 ,-1.13443 ,1.19825 
20130722,26.16,3.40588 ,-0.71514 ,0.57628 ,-1.28764 ,-1.16040 ,-2.19491 ,-0.09715 
20130723,26.27,3.44820 ,1.93639 ,0.98192 ,-3.75888 ,-1.18895 ,0.00542 ,-0.67844 
20130724,26.22,3.00158 ,1.28203 ,0.15583 ,-1.69770 ,-0.55297 ,-1.56104 ,-0.57999 
20130725,26.16,2.96924 ,2.21738 ,0.79021 ,-1.56183 ,-0.50112 ,-1.66289 ,-1.01973 
20130726,26.14,2.77851 ,3.59228 ,0.42022 ,-2.03702 ,-0.34801 ,-1.83502 ,-1.14019 
20130729,25.99,2.65232 ,3.16856 ,2.14794 ,-0.70391 ,-1.37342 ,-1.57105 ,-1.42166 
20130730,26.22,2.45986 ,4.48308 ,0.67956 ,-1.69722 ,-0.51462 ,-1.38418 ,-1.31996 
20130731,26.22,2.26905 ,2.49619 ,0.71180 ,1.13066 ,-0.74865 ,-3.06889 ,-0.86040 
20130801,26.22,2.49418 ,2.30576 ,1.60915 ,1.82471 ,-1.28775 ,-1.75046 ,-2.05261 
20130802,26.14,2.54583 ,2.41143 ,1.37738 ,1.80645 ,-1.03011 ,-0.46720 ,-2.48056 
20130805,25.82,2.50486 ,2.20286 ,-1.48809 ,1.11264 ,0.38703 ,0.38285 ,-3.02192 
20130806,25.79,2.20293 ,4.39536 ,-0.01835 ,-0.74607 ,-0.09494 ,0.84387 ,-1.49513 
20130807,25.64,1.73739 ,4.79285 ,0.93251 ,-0.33969 ,-0.58000 ,-0.17821 ,-1.10256 
20130808,25.62,1.43439 ,5.75939 ,1.91319 ,-0.37225 ,-0.90987 ,-0.56135 ,-0.80728 
20130809,25.46,1.16198 ,6.13695 ,0.84264 ,-0.51699 ,-0.23892 ,-0.83850 ,-1.06971 
20130812,25.36,0.84886 ,6.80202 ,0.95559 ,-0.39120 ,-0.22179 ,-1.46322 ,-1.20816 
20130813,25.39,0.44828 ,7.33983 ,0.13590 ,-0.27550 ,0.19250 ,-1.66042 ,-1.11383 
20130814,25.27,0.21406 ,7.16123 ,1.46348 ,0.53925 ,-0.56871 ,-1.64374 ,-0.99371 
20130815,24.99,-0.01278 ,7.43875 ,0.06273 ,0.36670 ,0.19457 ,-1.52047 ,-1.42260 
20130816,25.31,-0.60245 ,8.04374 ,-7.10285 ,-1.32015 ,2.21788 ,-1.05856 ,-1.97078 
20130819,25.31,-0.88788 ,5.96276 ,-3.00863 ,1.49667 ,-1.09547 ,-2.80276 ,-0.28298 
20130820,25.56,-0.53125 ,5.12335 ,-0.12242 ,1.45831 ,-2.40991 ,-0.59883 ,-1.23254 
20130822,25.7,-0.50931 ,3.36822 ,-0.55446 ,3.74151 ,-1.92941 ,-1.43223 ,-0.73320 
20130823,25.1,0.00119 ,1.32387 ,0.10796 ,4.27062 ,-2.04012 ,0.00438 ,-1.69213 
20130826,25.26,-0.13961 ,4.34777 ,-3.19925 ,-0.04211 ,-0.52153 ,2.75217 ,-2.22117 
20130827,25.36,-0.69889 ,3.52047 ,0.45171 ,1.68924 ,-2.12872 ,0.70531 ,-0.20356 
20130828,25.53,-0.58684 ,2.77223 ,-1.92703 ,1.35722 ,-1.01265 ,0.67502 ,-0.20986 
20130829,25.84,-0.43443 ,1.19596 ,-1.19850 ,2.49893 ,-1.20307 ,-0.20431 ,0.52651 
20130830,25.9,0.07505 ,-1.60385 ,-0.08624 ,4.11255 ,-2.06647 ,0.11267 ,-0.18239 
20130902,25.99,0.69525 ,-1.82707 ,0.68434 ,3.41003 ,-1.86620 ,0.91442 ,-0.40837 
20130903,26.1,1.05959 ,-2.43374 ,0.77577 ,3.22448 ,-1.47280 ,1.34024 ,-0.37061 
20130904,25.99,1.43222 ,-2.86623 ,0.51950 ,2.86280 ,-0.60759 ,1.62474 ,-0.29762 
20130905,26.13,1.70394 ,-2.48805 ,1.37025 ,1.41872 ,-0.51753 ,2.92660 ,0.08388 
20130906,26.08,1.75288 ,-3.40300 ,0.89303 ,1.97655 ,0.10692 ,1.37986 ,1.18753 
20130909,25.98,2.02155 ,-2.85248 ,1.78872 ,1.12082 ,0.11667 ,1.89968 ,1.00714 
20130910,26.08,2.05066 ,-1.91355 ,2.35269 ,-0.05136 ,0.29603 ,1.77168 ,1.43791 
20130911,25.99,2.06435 ,-1.73694 ,1.32394 ,-0.01775 ,1.21463 ,1.02282 ,1.21750 
20130912,25.97,2.12688 ,-0.85275 ,-0.19810 ,-1.54274 ,2.29255 ,0.74077 ,1.15863 
20130913,25.89,2.06838 ,-0.47588 ,-0.57145 ,-1.94239 ,2.32907 ,0.07047 ,1.01945 
20130914,25.72,1.89428 ,-0.17372 ,1.15156 ,-1.33695 ,1.08642 ,-0.36457 ,1.21878 
20130916,25.68,1.71153 ,1.45540 ,2.29812 ,-2.15065 ,0.86166 ,-0.39112 ,1.48346 
20130917,25.8,1.39884 ,2.33858 ,1.28187 ,-1.79360 ,1.45031 ,-1.42558 ,1.17670 
20130918,26.17,1.27142 ,1.73674 ,1.55597 ,-0.57311 ,1.09469 ,-2.25848 ,1.04468 
20130923,26.26,1.54856 ,-1.02393 ,1.04965 ,1.62127 ,0.81580 ,-2.74937 ,0.72766 
20130924,26.16,2.15220 ,-2.38280 ,-2.64742 ,1.28208 ,2.30074 ,-1.25466 ,-1.16697 
20130925,26.12,2.40735 ,-2.01030 ,1.41377 ,1.00186 ,0.18669 ,0.45086 ,-0.88603 
20130926,26.12,2.41804 ,-1.72205 ,1.17115 ,0.55372 ,0.49437 ,0.69472 ,-0.65625 
20130927,26.12,2.42333 ,-1.23251 ,2.23061 ,0.09853 ,0.59126 ,0.52584 ,0.30398 
20130930,26.12,2.49071 ,-1.10580 ,1.49384 ,-0.66449 ,1.21572 ,0.58743 ,0.90869 
20131001,26.34,2.48663 ,-1.03636 ,0.20512 ,-0.89539 ,1.96615 ,0.05883 ,0.99964 
20131002,26.47,2.60394 ,-2.78367 ,-0.65180 ,0.60762 ,1.97580 ,-0.95380 ,1.40492 
20131003,26.52,3.06253 ,-3.90484 ,-0.26065 ,0.76459 ,1.55781 ,-0.18204 ,-0.00836 
20131004,26.63,3.33169 ,-4.10178 ,-1.32318 ,0.38193 ,1.78974 ,0.18444 ,-0.02508 
20131007,26.4,3.58134 ,-5.29201 ,-1.47481 ,0.69386 ,1.46142 ,0.76946 ,0.07230 
20131008,26.36,3.73995 ,-3.06110 ,-2.63528 ,-2.22812 ,1.62704 ,2.29321 ,-0.06479 
20131009,26.37,3.49372 ,-1.80951 ,2.30085 ,-1.63154 ,-0.14128 ,1.12220 ,1.30699 
20131011,26.56,3.34455 ,-1.05451 ,0.94856 ,-1.47718 ,0.74768 ,0.35910 ,1.86651 
20131014,26.4,3.52507 ,-1.53902 ,-0.08833 ,-1.00612 ,1.45305 ,-1.12925 ,1.63055 
20131015,26.32,3.71483 ,-0.76934 ,1.99858 ,-1.36617 ,0.11713 ,0.38249 ,0.39079 
20131016,26.38,3.53729 ,0.70599 ,1.86937 ,-1.94413 ,0.54937 ,-0.25359 ,0.09355 
20131017,26.48,3.42535 ,0.86942 ,1.00208 ,-1.36265 ,1.00765 ,-0.97961 ,0.27864 
20131018,26.19,3.43922 ,0.52307 ,1.65100 ,-0.40975 ,0.75738 ,-2.01832 ,0.76075 
20131021,26.48,3.43796 ,2.22584 ,-2.89518 ,-2.85881 ,2.32213 ,-0.26371 ,-1.09599 
20131022,26.47,3.28242 ,0.77810 ,1.82058 ,0.28121 ,-0.25835 ,-1.63720 ,0.20272 
20131023,26.41,3.49262 ,0.45466 ,1.69539 ,0.43951 ,-0.12137 ,-1.23318 ,-0.43425 
20131024,26.72,3.48343 ,1.17588 ,-3.02747 ,-0.69538 ,2.15629 ,-1.12141 ,-1.21972 
20131025,26.6,3.53120 ,-1.61958 ,-3.28788 ,1.77045 ,0.87973 ,-1.82754 ,-0.85254 
20131028,26.54,3.94993 ,-1.16531 ,-2.54729 ,0.01356 ,-0.00382 ,-0.02518 ,-1.20903 
20131029,26.63,3.94008 ,-0.47413 ,0.81841 ,-0.22624 ,-1.13448 ,0.65956 ,-0.57042 
20131030,26.34,3.86741 ,-1.18630 ,-0.71522 ,0.43719 ,-0.32383 ,-0.11427 ,-0.23351 
20131031,25.89,3.79269 ,1.15110 ,0.58740 ,-1.30423 ,-0.47854 ,0.72846 ,0.16976 
20131101,26.07,3.03557 ,3.44165 ,-1.80130 ,-2.88212 ,0.17122 ,0.95980 ,0.39206 
20131104,26.22,2.53905 ,2.88723 ,1.81402 ,-0.92971 ,-1.31465 ,-0.47204 ,1.13163 
20131105,26.34,2.53924 ,1.74561 ,-0.61550 ,-0.31055 ,-0.41418 ,-1.34307 ,0.91214 
20131106,26.29,2.83238 ,0.74324 ,-1.15828 ,0.59266 ,-0.06595 ,-1.39167 ,-0.17823 
20131107,26.51,2.99081 ,0.48902 ,1.25736 ,1.04715 ,-1.59761 ,-0.02441 ,-1.13378 
20131108,26.35,3.07736 ,-1.05556 ,0.02783 ,2.24413 ,-1.00528 ,-0.77655 ,-0.72077 
20131111,26.46,3.33546 ,0.17083 ,-0.68767 ,0.38722 ,-0.30745 ,0.91015 ,-1.16576 
20131112,26.34,3.31564 ,-0.33023 ,1.09962 ,1.20350 ,-0.87506 ,0.40829 ,-0.09034 
20131113,26.35,3.42535 ,0.22876 ,0.77957 ,0.06516 ,-0.36586 ,1.48660 ,-0.35666 
20131114,26.45,3.36272 ,0.76178 ,1.11919 ,-0.22338 ,0.02729 ,0.52706 ,0.52975 
20131115,26.45,3.36601 ,-0.21468 ,-1.19309 ,0.32393 ,0.94735 ,-0.40914 ,0.32572 
20131118,26.52,3.51335 ,0.12185 ,1.80731 ,0.23496 ,-0.42766 ,-0.58490 ,0.80637 
20131119,26.43,3.63116 ,-0.65553 ,-0.61562 ,0.24270 ,0.61566 ,-0.00292 ,-0.16880 
20131120,26.47,3.74229 ,-0.05128 ,0.07066 ,-0.71088 ,0.50224 ,0.78311 ,-0.28485 
20131121,26.78,3.72182 ,-0.21571 ,-0.31199 ,-0.81407 ,0.62747 ,-0.14012 ,0.21354 
20131122,26.78,3.88087 ,-2.41291 ,-1.21678 ,1.13227 ,0.61082 ,-1.52168 ,0.56505 
20131125,26.74,4.35096 ,-2.94344 ,-0.97614 ,0.65145 ,0.18534 ,-0.09306 ,-0.20089 
20131126,26.59,4.37055 ,-3.05809 ,-1.94049 ,0.38720 ,0.29195 ,0.22947 ,-0.07960 
20131127,26.77,4.44622 ,-1.56131 ,1.15343 ,-0.77010 ,-0.72380 ,1.49385 ,-0.28877 
20131128,26.86,4.30687 ,-2.32427 ,-0.19412 ,0.02103 ,0.06379 ,-0.50880 ,1.57092 
20131129,26.79,4.59422 ,-3.46319 ,-0.09594 ,0.47583 ,0.08118 ,-0.12193 ,1.05419 
20131202,26.61,4.81151 ,-2.63851 ,-0.57295 ,-1.05856 ,0.23887 ,1.07559 ,0.44555 
20131203,26.65,4.69366 ,-1.08173 ,0.57727 ,-1.95786 ,-0.05305 ,1.58614 ,0.18778 
20131204,26.65,4.46466 ,-0.40157 ,0.53182 ,-1.76762 ,0.17333 ,-0.20776 ,1.19021 
20131205,26.64,4.48121 ,0.08158 ,2.43879 ,-1.62745 ,-0.25408 ,-0.85789 ,1.51433 
20131206,26.61,4.47925 ,0.53509 ,0.71339 ,-1.92208 ,0.60655 ,-1.00411 ,0.87552 
20131209,26.57,4.42130 ,0.45622 ,0.54708 ,-1.49694 ,0.52695 ,-0.83713 ,-0.21820 
20131210,26.89,4.38623 ,1.66074 ,2.45206 ,-1.70096 ,-0.14028 ,-1.82355 ,0.40205 
20131211,26.73,4.38200 ,-0.51784 ,-0.49811 ,0.60319 ,1.04654 ,-3.71381 ,0.80951 
20131212,26.25,4.81719 ,0.13281 ,2.15534 ,-0.33465 ,-0.30449 ,-0.32258 ,-0.99007 
20131213,26.31,4.26247 ,3.32498 ,-3.34735 ,-3.00297 ,1.94550 ,0.62852 ,-1.96081 
20131216,26.25,3.66055 ,3.49094 ,2.06372 ,-1.00510 ,-0.80961 ,-0.63383 ,-0.23152 
20131217,26.49,3.37792 ,3.64396 ,0.70179 ,-0.94337 ,-0.16947 ,-1.30822 ,0.50759 
20131218,26.77,3.33283 ,2.10784 ,-0.85158 ,0.73801 ,0.59894 ,-2.47975 ,0.63701 
20131219,26.79,3.78964 ,-0.47162 ,1.14086 ,2.79341 ,-0.98017 ,-1.82233 ,-0.26966 
20131220,26.75,4.30230 ,-1.23843 ,0.36223 ,2.32327 ,-0.36530 ,-0.45735 ,-1.26697 
20131223,26.7,4.41795 ,-1.24835 ,-0.09056 ,1.91815 ,-0.17877 ,0.44507 ,-1.29328 
20131224,26.88,4.44465 ,-0.72978 ,0.34046 ,1.19545 ,-0.06305 ,1.07578 ,-0.86716 
20131225,27.01,4.47759 ,-2.21302 ,-3.14691 ,1.32494 ,1.18275 ,0.33047 ,0.24520 
20131226,27.01,4.78153 ,-3.34581 ,-4.77417 ,0.97138 ,0.70305 ,0.52046 ,0.20302 
20131227,27.01,5.18455 ,-3.51789 ,0.61430 ,0.98338 ,-1.51077 ,1.54381 ,0.42684 
20131230,27.09,5.23871 ,-3.68235 ,0.62096 ,0.98136 ,-1.23773 ,1.30159 ,0.68252 
20131231,27.03,5.34183 ,-3.93933 ,-1.84079 ,0.76969 ,0.30622 ,0.82731 ,0.66305 
20140102,26.98,5.61309 ,-3.50212 ,0.16613 ,-0.50610 ,-0.52941 ,2.07830 ,0.71386 
20140103,26.8,5.59950 ,-2.85043 ,0.05149 ,-1.32123 ,-0.38880 ,1.51125 ,1.31701 
20140106,26.78,5.48664 ,-1.32473 ,1.07696 ,-2.50027 ,-0.16914 ,1.62639 ,1.22787 
20140107,26.83,5.20995 ,0.06629 ,1.68414 ,-2.45348 ,0.07523 ,-0.00589 ,2.00935 
20140108,26.8,5.04787 ,0.43933 ,0.76905 ,-1.82244 ,0.51046 ,-1.55290 ,2.07567 
20140109,26.97,5.08711 ,0.76167 ,1.19716 ,-1.65589 ,0.19453 ,-1.50872 ,1.14414 
20140110,27.05,5.08742 ,-0.69007 ,-0.86247 ,-0.22833 ,0.60807 ,-2.20993 ,0.29941 
20140113,27.02,5.31970 ,-1.75819 ,-1.90280 ,0.07060 ,0.44208 ,-1.33069 ,-0.50525 
20140114,26.91,5.54119 ,-1.53199 ,1.01416 ,0.09136 ,-0.74116 ,-0.19782 ,-0.43634 
20140115,26.89,5.50397 ,-0.49051 ,-0.78853 ,-1.11749 ,0.11418 ,0.51300 ,-1.01501 
20140116,26.96,5.34595 ,0.30076 ,-0.83172 ,-1.60264 ,0.16147 ,0.10805 ,-0.09198 
20140117,26.44,5.32622 ,-0.06068 ,1.46307 ,-0.68105 ,-0.78772 ,-0.98523 ,1.08678 
20140120,26.6,5.09786 ,3.39314 ,1.19830 ,-3.30403 ,-0.45320 ,1.09635 ,0.08476 
20140121,26.88,4.27766 ,2.48489 ,-1.25143 ,-1.00603 ,0.59561 ,-1.90182 ,1.31587 
20140122,26.65,4.55131 ,0.19620 ,1.20357 ,1.03536 ,-0.77697 ,-2.61034 ,1.14319 
20140123,26.53,4.80652 ,1.28569 ,1.22522 ,-0.61920 ,-0.60056 ,-0.37258 ,-0.04391 
20140124,26.47,4.47882 ,1.73552 ,0.40403 ,-0.37628 ,-0.04531 ,0.19270 ,-0.77525 
20140127,26.78,4.26129 ,2.65580 ,1.22465 ,-0.79066 ,-0.37077 ,0.42322 ,-0.17063 
20140205,26.59,4.20474 ,0.63168 ,1.20570 ,1.50168 ,-0.45650 ,-1.70725 ,1.08532 
20140206,26.88,4.47541 ,1.54959 ,0.75149 ,0.11048 ,0.00253 ,0.35693 ,-0.45141 
20140207,26.59,4.37405 ,-0.45256 ,-2.13514 ,1.86506 ,0.97311 ,-1.29155 ,0.07954 
20140210,26.79,4.67782 ,1.01551 ,1.74605 ,0.31856 ,-0.79441 ,1.45919 ,-0.52709 
20140211,26.57,4.52101 ,1.92885 ,-1.79896 ,-0.08715 ,0.60326 ,-0.70914 ,1.47821 
20140212,27.05,4.56519 ,2.63719 ,1.40970 ,-0.35098 ,-0.20110 ,1.03529 ,-0.40128 
20140213,26.61,4.44562 ,0.90023 ,0.79058 ,1.90854 ,-0.28705 ,-2.44715 ,1.67098 
20140214,26.47,4.92771 ,2.54351 ,1.46998 ,-0.20647 ,-0.15502 ,0.72869 ,-0.47030 
20140217,26.71,4.31624 ,3.70815 ,-3.33333 ,-1.11671 ,2.01232 ,0.03006 ,-0.70777 
20140218,26.78,4.18869 ,2.57535 ,1.20398 ,1.43662 ,-0.69813 ,-1.15168 ,-0.12786 
20140219,26.47,4.46770 ,2.47632 ,1.44848 ,1.42972 ,-0.77687 ,-0.87907 ,-0.20266 
20140220,26.74,4.41655 ,3.65515 ,0.86584 ,0.30530 ,-0.13681 ,0.93921 ,-1.45921 
20140221,26.68,4.21325 ,2.26214 ,1.70237 ,2.49184 ,-0.82990 ,-0.34570 ,-0.91112 
20140224,26.76,4.39642 ,2.26344 ,1.44033 ,2.26251 ,-0.61223 ,0.29899 ,-1.08991 
20140225,26.79,4.25940 ,1.70570 ,-6.32336 ,1.78737 ,2.25667 ,-0.42890 ,-1.50965 
20140226,27.13,4.49363 ,1.40742 ,0.81594 ,2.65638 ,-1.41222 ,1.08496 ,-1.14598 
20140227,27.14,4.54550 ,-0.67776 ,-8.70059 ,2.54116 ,1.01063 ,-0.47974 ,-0.63133 
20140303,27.14,5.15883 ,-1.22611 ,-3.58699 ,2.62064 ,-1.50087 ,1.10011 ,-1.04500 
20140304,27.1,5.34486 ,-1.26151 ,-2.64353 ,2.11042 ,-2.34699 ,1.52136 ,-0.72909 
20140305,27.12,5.51394 ,-1.22723 ,-0.06947 ,2.12876 ,-2.78716 ,2.34641 ,-0.57917 
20140306,27.03,5.58161 ,-0.94653 ,-1.03984 ,1.02196 ,-1.76438 ,1.94033 ,0.89435 
20140307,27.13,5.70349 ,-0.48623 ,1.54090 ,0.30997 ,-2.03661 ,2.35286 ,0.94525 
20140310,27.3,5.65721 ,-0.79445 ,0.22815 ,0.67453 ,-1.39277 ,0.85334 ,1.59239 
20140311,27.34,5.86128 ,-2.06398 ,-0.24944 ,1.95231 ,-0.90147 ,0.29763 ,1.09506 
20140312,27.5,6.26007 ,-2.58718 ,1.24273 ,1.79724 ,-1.41972 ,0.98516 ,0.73514 
20140313,27.49,6.45075 ,-3.58923 ,-3.40468 ,1.47066 ,0.32664 ,0.78083 ,-0.08072 
20140314,27.38,6.78598 ,-3.81683 ,-0.72547 ,1.26428 ,-0.99141 ,1.84550 ,0.11305 
20140317,27.68,6.85743 ,-2.98182 ,0.77245 ,0.32044 ,-1.46281 ,2.29679 ,0.77482 
20140318,27.47,6.87765 ,-4.25412 ,-5.07190 ,0.61628 ,0.75408 ,0.62608 ,1.00138 
20140319,27.54,7.31858 ,-3.04029 ,0.28642 ,-0.68341 ,-1.27578 ,2.32482 ,0.97263 
20140320,27.56,7.27769 ,-2.62424 ,0.89069 ,-0.49758 ,-1.32721 ,0.97578 ,1.37628 
20140321,27.56,7.38698 ,-2.50449 ,0.22166 ,-0.60064 ,-0.53167 ,0.69262 ,0.90075 
20140324,27.3,7.52078 ,-1.77842 ,1.98155 ,-1.10984 ,-0.72880 ,0.23045 ,1.23397 
20140325,27.46,7.36783 ,0.10535 ,1.27407 ,-2.23803 ,-0.46139 ,1.10530 ,0.15292 
20140326,27.26,7.05891 ,-0.21136 ,1.32755 ,-0.96875 ,-0.23234 ,-1.52402 ,1.69723 
20140327,27.57,7.16047 ,1.04552 ,1.73635 ,-2.03425 ,-0.00987 ,-0.23987 ,0.28997 
20140328,27.56,7.04998 ,-0.43775 ,1.63733 ,0.33176 ,-0.22943 ,-2.14007 ,1.04656 
20140331,27.57,7.39203 ,-0.98192 ,1.62908 ,0.56556 ,-0.18105 ,-0.88292 ,-0.39659 
20140401,27.77,7.50625 ,-0.89404 ,0.96216 ,0.30926 ,0.44988 ,-0.85426 ,-0.44085 
20140402,27.77,7.00905 ,-3.54791 ,-22.29065 ,-3.06536 ,1.60927 ,-1.80881 ,-0.93417 
20140403,27.79,7.69565 ,-2.83705 ,-2.37874 ,-1.38808 ,-5.31858 ,0.11136 ,0.11200 
20140407,27.94,7.80208 ,-3.11574 ,-1.60092 ,-1.24139 ,-5.73171 ,0.32223 ,0.34842 
20140408,27.77,8.07309 ,-3.99945 ,-1.24685 ,-0.00288 ,-3.41365 ,-0.15201 ,0.21380 
20140409,27.92,8.28122 ,-2.82913 ,-0.30509 ,-1.61773 ,-3.46813 ,1.18125 ,0.12834 
20140410,27.94,8.19476 ,-3.49905 ,-0.34256 ,-0.50685 ,-3.55543 ,-0.56923 ,1.48764 
20140411,27.97,8.46385 ,-3.81476 ,0.65037 ,-0.51920 ,-3.77440 ,-0.01818 ,1.07971 
20140414,27.68,8.60797 ,-4.03923 ,-1.49254 ,-0.66907 ,-1.14349 ,-0.38268 ,0.97177 
20140415,27.86,8.67850 ,-1.64725 ,1.12064 ,-2.74532 ,-2.06410 ,1.87174 ,-0.07576 
20140416,27.91,8.31986 ,-2.35058 ,-0.13018 ,-1.42585 ,-1.64626 ,-0.85370 ,1.68227 
20140417,27.7,8.56401 ,-2.86965 ,0.24181 ,-1.07202 ,-1.65498 ,-0.63495 ,1.22140 
20140418,27.79,8.56868 ,-0.61577 ,1.16451 ,-2.76859 ,-1.90932 ,0.20231 ,0.92162 
20140421,27.87,8.36600 ,-1.07752 ,-0.83448 ,-1.37058 ,-0.08292 ,-0.79451 ,0.55363 
20140422,27.98,8.46086 ,-1.37683 ,0.99895 ,-0.61769 ,-0.94931 ,-1.31869 ,0.99774 
20140423,28.02,8.68148 ,-2.07757 ,1.52185 ,-0.00479 ,-1.11809 ,-1.32627 ,0.99688 
20140424,28.3,8.89012 ,-2.35344 ,-1.23268 ,-0.24877 ,0.18898 ,-0.63881 ,-0.49183 
20140425,28.14,9.20560 ,-3.68506 ,0.07512 ,1.00970 ,-0.81945 ,-0.96911 ,-0.13166 
20140428,28.12,9.64023 ,-2.87147 ,0.52834 ,-0.62627 ,-0.83256 ,0.89228 ,-0.83146 
20140429,28.29,9.51832 ,-2.01477 ,0.35047 ,-0.99293 ,-0.52036 ,0.23226 ,0.14588 
20140430,28.27,9.65002 ,-2.90239 ,0.41199 ,-0.11556 ,-0.53368 ,-0.41909 ,0.40420 
20140502,27.99,9.94473 ,-2.56603 ,2.02337 ,-0.51983 ,-1.00119 ,-0.04819 ,0.40074 
20140505,27.83,9.91207 ,-0.65168 ,1.56597 ,-2.46407 ,-0.46721 ,1.25450 ,-0.57698 
20140506,27.93,9.39274 ,1.37580 ,0.54932 ,-2.87851 ,0.41802 ,0.05265 ,-0.18096 
20140507,27.78,9.13734 ,1.43945 ,1.31772 ,-1.96892 ,-0.24019 ,-1.63616 ,0.80580 
20140508,27.64,9.04710 ,2.92379 ,0.67886 ,-2.71304 ,0.03480 ,-1.21818 ,0.16858 
20140509,27.5,8.67864 ,3.76046 ,0.72610 ,-2.30011 ,-0.20030 ,-1.32011 ,-0.45331 
20140512,27.2,8.34292 ,4.89727 ,2.23460 ,-1.63759 ,-0.58756 ,-1.11935 ,-0.43764 
20140513,27.41,7.80673 ,6.71606 ,0.14250 ,-2.49735 ,0.58906 ,-0.93968 ,-0.52146 
20140514,27.56,7.26736 ,5.53214 ,1.12103 ,0.24984 ,-0.36219 ,-2.69230 ,0.32256 
20140515,27.77,7.49771 ,4.20251 ,1.90565 ,1.64097 ,-1.04320 ,-2.04936 ,-0.81515 
20140516,27.77,7.67281 ,2.26791 ,0.75215 ,3.30386 ,-0.66021 ,-2.22969 ,-0.98424 
20140519,27.51,8.06400 ,1.37672 ,1.14326 ,3.57730 ,-0.82954 ,-0.25091 ,-2.38182 
20140520,27.59,8.02853 ,3.20956 ,1.70006 ,1.61702 ,-0.98091 ,1.87571 ,-2.17999 
20140521,27.59,7.72792 ,3.32927 ,-0.56730 ,1.37263 ,0.74691 ,0.90740 ,-0.91441 
20140522,27.56,7.72805 ,2.66308 ,1.87074 ,1.82466 ,-0.58003 ,0.92392 ,-0.19382 
20140523,27.79,7.75899 ,2.60152 ,1.63127 ,1.83551 ,-0.35620 ,0.92252 ,-0.50262 
20140526,27.8,7.78053 ,1.26784 ,-2.23691 ,2.80593 ,1.90988 ,-0.87665 ,-0.29939 
20140527,28.02,8.16377 ,0.94101 ,-2.47934 ,2.04966 ,1.55826 ,0.11990 ,-0.85464 
20140528,28.25,8.44820 ,-0.70607 ,1.54069 ,3.46514 ,-0.77322 ,0.16842 ,0.00938 
20140529,28.17,8.93059 ,-2.88594 ,-1.20622 ,3.81676 ,0.60439 ,0.51241 ,-0.33419 
20140530,28.32,9.42631 ,-2.64447 ,0.01468 ,2.62313 ,0.41552 ,1.99414 ,-0.47846 
20140603,28.39,9.48020 ,-3.58727 ,-4.27159 ,2.52534 ,1.97060 ,1.34676 ,-0.16424 
20140604,28.13,9.89529 ,-3.89539 ,-0.02901 ,2.54282 ,-0.16607 ,1.83569 ,0.51217 
20140605,28.11,10.05514 ,-1.90212 ,1.50025 ,-0.04389 ,-0.34251 ,3.31294 ,0.77457 
20140606,28.01,9.76797 ,-1.41701 ,1.04384 ,-0.02135 ,0.52405 ,1.83192 ,1.52362 
20140609,28.25,9.64805 ,-0.22748 ,1.24365 ,-0.94789 ,0.78020 ,1.23635 ,1.90823 
20140610,28.02,9.46362 ,-1.45223 ,-6.58589 ,-0.73644 ,3.26360 ,-1.26372 ,2.35629 
20140611,27.88,9.75939 ,-0.16100 ,0.07426 ,-1.51342 ,-0.10725 ,0.57442 ,1.08076 
20140612,27.81,9.47211 ,1.48644 ,1.05344 ,-2.20983 ,-0.26960 ,0.33813 ,1.05978 
20140613,27.55,9.16844 ,2.37189 ,2.28524 ,-1.59648 ,-0.32013 ,-0.26428 ,1.04655 
20140616,27.34,8.69210 ,4.11156 ,-1.83765 ,-2.84549 ,1.45012 ,-0.77492 ,0.85702 
20140617,27.2,8.10463 ,5.44702 ,0.62235 ,-2.47422 ,-0.01569 ,-0.97868 ,0.88598 
20140618,27.42,7.52431 ,6.26657 ,0.59406 ,-2.07427 ,-0.45635 ,-1.09547 ,0.72960 
20140619,27.32,7.22027 ,4.95897 ,0.23321 ,0.07681 ,-0.10390 ,-2.70140 ,0.67164 
20140620,27.47,7.30400 ,5.09425 ,1.77275 ,0.49536 ,-1.02241 ,-1.54333 ,-0.44774 
20140623,27.16,7.21232 ,4.20641 ,1.63948 ,1.90919 ,-1.17198 ,-1.55341 ,-0.63312 
20140624,27.1,7.12490 ,5.68876 ,0.47289 ,0.30598 ,-0.42544 ,0.53929 ,-1.81671 
20140625,27.1,6.57769 ,5.93793 ,0.06580 ,0.80961 ,-0.14390 ,-0.38249 ,-0.58831 
20140626,26.77,6.34450 ,5.75080 ,-0.53881 ,1.15038 ,0.06345 ,-0.48740 ,-0.64112 
20140627,26.64,6.05269 ,7.45258 ,-1.24368 ,-0.35070 ,0.50783 ,0.55185 ,-0.05897 
20140630,26.74,5.35525 ,7.51637 ,-0.91352 ,0.48269 ,0.08591 ,0.02607 ,0.29353 
20140701,26.61,5.00951 ,6.82034 ,-0.41097 ,1.72580 ,-0.45005 ,-1.09923 ,0.64582 
20140702,26.71,4.74077 ,6.88596 ,-6.06852 ,0.45732 ,1.19316 ,-0.67423 ,-0.00225 
20140703,26.96,4.63771 ,6.59815 ,-8.24052 ,-0.39340 ,0.10534 ,0.65293 ,0.17271 
20140704,26.95,4.68567 ,4.20545 ,-1.14671 ,2.92313 ,-3.08545 ,-1.16536 ,0.77690 
20140707,27.05,5.02853 ,3.62062 ,-0.95015 ,2.68498 ,-2.77281 ,-0.05992 ,0.33883 
20140708,26.8,5.20502 ,2.97960 ,-0.82869 ,3.17484 ,-2.26004 ,0.34544 ,-0.17853 
20140709,26.7,5.24031 ,3.81528 ,0.50354 ,2.11804 ,-2.69223 ,1.93992 ,-0.23189 
20140710,26.47,4.88307 ,4.75752 ,-0.07514 ,1.30463 ,-1.85015 ,1.28457 ,0.72779 
20140711,25.8,4.45574 ,5.95856 ,-4.89051 ,-0.52334 ,-0.26319 ,1.50313 ,0.70853 
20140714,26.15,3.62603 ,8.38581 ,-1.13571 ,-2.08171 ,-1.57473 ,2.62721 ,1.60488 
20140715,26.15,2.66871 ,6.36088 ,-0.26507 ,1.24113 ,-2.26835 ,-1.17579 ,2.98886 
20140716,25.19,2.47589 ,5.24679 ,-12.34473 ,-0.94896 ,-0.01794 ,-0.96226 ,1.55109 
20140717,24.85,1.67952 ,8.54693 ,-11.56100 ,-4.98774 ,-3.23774 ,2.21348 ,1.92165 
20140718,25.27,0.25207 ,9.68157 ,-3.30025 ,-3.57559 ,-6.22393 ,2.29770 ,2.23612 
20140721,25.21,-0.36468 ,7.69908 ,-1.08221 ,-0.21064 ,-5.82934 ,-0.62650 ,3.00260 
20140722,25.53,-0.28048 ,7.35476 ,-0.70277 ,0.04300 ,-4.52528 ,-0.08374 ,2.02791 
20140724,25.45,-0.25755 ,4.91273 ,-0.61518 ,2.78534 ,-4.71341 ,-0.99542 ,1.04276 
20140725,25.12,-0.01355 ,4.24590 ,-0.04922 ,2.84201 ,-4.99544 ,0.55315 ,-0.10631 
20140728,25.12,-0.23262 ,6.13129 ,-1.22012 ,0.41130 ,-3.30929 ,2.12456 ,0.03834 
20140729,25.41,-0.70523 ,6.20686 ,0.44550 ,1.35365 ,-3.22404 ,1.17924 ,0.73157 
20140730,25.9,-0.74018 ,4.49767 ,-0.35209 ,2.79278 ,-2.66961 ,-0.58544 ,1.59350 
20140731,25.74,-0.24838 ,0.91671 ,-4.10689 ,4.45628 ,-1.87034 ,-1.55678 ,1.32099 
20140801,25.89,0.56393 ,0.82710 ,0.34064 ,3.51774 ,-3.79049 ,1.66489 ,-0.08672 
20140804,26.21,0.80901 ,0.47149 ,0.23061 ,3.26520 ,-2.96866 ,2.04345 ,-0.00579 
20140805,26.29,1.18243 ,-1.55350 ,-1.58856 ,4.67640 ,-1.24012 ,0.47305 ,0.38179 
20140806,26.32,1.84495 ,-2.21379 ,0.44240 ,3.97540 ,-1.94962 ,1.51426 ,0.87700 
20140807,25.79,2.23406 ,-3.31948 ,0.83582 ,3.64036 ,-2.00057 ,2.34097 ,0.92313 
20140808,25.72,2.19564 ,-0.35690 ,-1.16334 ,-0.39410 ,-0.07938 ,4.64407 ,0.38414 
20140811,26.23,1.58649 ,1.06969 ,0.96835 ,-0.56663 ,-0.47641 ,2.79876 ,2.33408 
20140812,26.25,1.51354 ,-1.55905 ,-0.91064 ,2.06592 ,-0.10806 ,-0.84125 ,3.59425 
20140813,26.24,2.18982 ,-1.76754 ,-0.90327 ,1.22164 ,-0.08807 ,0.43935 ,2.16727 
20140814,26.06,2.38849 ,-2.36359 ,1.05812 ,1.49048 ,-1.22712 ,1.29629 ,1.71712 
20140815,26.1,2.37698 ,-1.36334 ,1.69015 ,0.57411 ,-1.11029 ,1.92070 ,1.28825 
20140818,25.89,2.25445 ,-0.97979 ,1.71201 ,0.18326 ,-0.23001 ,0.57443 ,2.57200 
20140819,25.84,2.17441 ,0.83586 ,0.14173 ,-1.73729 ,0.99492 ,1.27802 ,1.96395 
20140820,25.89,1.80345 ,1.28117 ,-0.62780 ,-1.76378 ,0.97141 ,0.41342 ,2.08913 
20140821,26.22,1.63658 ,0.67157 ,-2.46363 ,-1.39968 ,1.12489 ,-0.67901 ,1.91577 
20140822,26.23,1.83809 ,-0.99268 ,0.71121 ,1.25702 ,-0.50648 ,-2.27700 ,2.64650 
20140825,26.39,2.29752 ,-1.69144 ,1.18793 ,1.55229 ,-0.64571 ,-0.40449 ,1.03325 
20140826,26.45,2.58072 ,-2.82580 ,-0.27875 ,1.86191 ,0.37537 ,-0.29464 ,0.35120 
20140827,26.46,2.99904 ,-3.33314 ,0.81045 ,1.30735 ,-0.19901 ,1.02019 ,0.13077 
20140828,26.6,3.20584 ,-3.61215 ,0.89211 ,0.97133 ,-0.02501 ,1.37759 ,0.61706 
20140829,26.46,3.37484 ,-4.68903 ,-0.63898 ,1.37059 ,0.73749 ,1.06715 ,0.76566 
20140901,26.31,3.60416 ,-3.44550 ,-0.77426 ,-0.48525 ,0.98146 ,2.21153 ,0.55907 
20140902,26.23,3.36837 ,-2.04938 ,-1.52285 ,-1.70758 ,1.07068 ,1.58076 ,1.36887 
20140903,26.71,3.20557 ,-0.87231 ,0.78322 ,-2.20217 ,0.13696 ,0.78090 ,1.86593 
20140904,26.96,3.27341 ,-3.36526 ,0.73636 ,0.51486 ,-0.00246 ,-2.14646 ,3.27009 
20140905,27.04,4.13347 ,-4.50484 ,-0.26411 ,0.59941 ,0.45646 ,-0.99913 ,1.27812 
20140909,27.04,4.72060 ,-4.95780 ,0.80360 ,0.74342 ,-0.08139 ,-0.10586 ,0.68065 
20140910,26.89,5.14530 ,-4.29931 ,0.65853 ,-0.24274 ,0.00738 ,1.28208 ,-0.18728 
20140911,26.6,5.18786 ,-2.86572 ,2.04991 ,-1.18725 ,-0.09192 ,1.41977 ,0.18417 
20140912,26.56,4.89927 ,-0.40213 ,1.61417 ,-2.74360 ,0.68774 ,1.44835 ,0.89299 
20140915,26.82,4.46366 ,0.64990 ,2.08731 ,-2.41184 ,0.69268 ,-0.09579 ,1.58509 
20140916,26.53,4.40746 ,-0.33927 ,-0.09541 ,-1.10582 ,1.27600 ,-2.01118 ,2.08195 
20140917,26.63,4.53734 ,1.21222 ,2.26287 ,-2.13848 ,0.28712 ,-0.59867 ,0.51039 
20140918,26.29,4.28273 ,1.36287 ,1.45913 ,-1.14391 ,0.63396 ,-1.66335 ,0.18460 
20140919,26.38,4.05364 ,3.43300 ,-0.34637 ,-2.52150 ,1.57537 ,-0.42388 ,-0.85866 
20140922,26.48,3.63719 ,3.52094 ,1.58386 ,-1.34870 ,0.31768 ,-1.62300 ,0.30330 
20140923,26.66,3.62517 ,2.59633 ,-0.86690 ,-0.49347 ,0.99639 ,-1.83366 ,-0.55703 
20140924,26.82,3.64877 ,1.08631 ,-0.14572 ,1.49151 ,0.05198 ,-3.05878 ,0.14907 
20140925,26.86,4.14214 ,-0.28492 ,0.23610 ,2.41598 ,-0.41583 ,-1.20507 ,-1.79925 
20140926,26.96,4.48745 ,-0.49718 ,0.71989 ,2.35681 ,-0.54915 ,-0.34069 ,-1.88487 
20140929,27.04,4.69072 ,-1.46064 ,-2.21328 ,2.27851 ,0.64821 ,0.30532 ,-2.22691 
20140930,27.35,5.01740 ,-2.07603 ,1.84833 ,2.71301 ,-1.25134 ,0.97862 ,-1.23650 
20141001,27.34,5.39116 ,-4.10572 ,-0.24071 ,3.24018 ,-0.31722 ,0.62213 ,-0.57984 
20141002,27.48,5.96931 ,-4.55942 ,-0.11612 ,2.53569 ,0.20808 ,1.52724 ,-0.74533 
20141003,27.58,6.23575 ,-5.07156 ,-1.67899 ,2.05771 ,0.65823 ,1.50433 ,-0.42942 
20141006,27.3,6.59284 ,-5.66905 ,-1.66556 ,1.68823 ,0.34518 ,1.53737 ,-0.00402 
20141007,26.75,6.85708 ,-3.62199 ,0.91101 ,-0.70872 ,-0.28809 ,3.07450 ,0.11954 
20141008,26.83,6.19070 ,0.13850 ,-4.30378 ,-4.37644 ,1.90778 ,3.15711 ,0.19380 
20141009,27.3,5.51728 ,0.48667 ,1.80801 ,-2.40393 ,-0.68529 ,0.23983 ,2.14941 
20141013,27.35,5.65249 ,-1.86579 ,0.11933 ,-0.24070 ,-0.14333 ,-2.22989 ,2.51416 
20141014,27.11,6.34901 ,-2.33088 ,1.51002 ,0.06611 ,-0.20091 ,-1.12610 ,0.85046 
20141015,27.4,6.43884 ,-1.09276 ,1.38859 ,-0.80580 ,-0.20841 ,0.38475 ,-0.79244 
20141016,27.42,6.32510 ,-2.47396 ,-1.17358 ,0.73445 ,0.88096 ,-1.35765 ,-0.36167 
20141017,27.28,6.65770 ,-2.54390 ,-0.99512 ,0.27707 ,0.43088 ,-0.67471 ,-0.16252 
20141020,27.04,6.78026 ,-1.48709 ,1.61436 ,-0.58046 ,-0.38798 ,0.60430 ,-0.01133 
20141021,27.21,6.54314 ,0.01828 ,2.11359 ,-1.63301 ,-0.35638 ,1.65675 ,-0.21635 
20141022,27.25,6.27309 ,-0.56701 ,1.01809 ,-0.62674 ,0.72428 ,-0.60248 ,0.94479 
20141023,27.39,6.45068 ,-0.69955 ,1.76039 ,-0.39751 ,0.36820 ,-0.89924 ,0.59986 
20141024,27.56,6.58175 ,-1.59488 ,0.73973 ,0.55459 ,0.59286 ,-1.35901 ,0.29610 
20141027,27.64,6.91104 ,-3.06160 ,-0.69599 ,1.18135 ,1.16345 ,-0.80636 ,-0.58571 
20141028,27.56,7.32236 ,-3.32773 ,-1.21488 ,0.65187 ,1.24605 ,0.00830 ,-0.76952 
20141029,27.64,7.55690 ,-2.98818 ,0.57400 ,-0.08300 ,0.40075 ,0.74006 ,-0.64893 
20141030,27.85,7.59087 ,-2.87007 ,-1.09894 ,-0.27505 ,1.05802 ,0.35217 ,-0.28529 
20141031,27.56,7.78162 ,-4.33207 ,-1.10023 ,0.84738 ,0.66778 ,-0.31960 ,0.45781 
20141103,27.55,8.04717 ,-2.18114 ,-0.45170 ,-1.91558 ,0.51647 ,1.72192 ,-0.01240 
20141104,27.48,7.77934 ,-1.38358 ,2.60521 ,-1.12992 ,-0.52527 ,0.39132 ,0.97382 
20141105,27.5,7.59801 ,-0.80995 ,2.06365 ,-0.98347 ,-0.03855 ,-0.65367 ,1.15547 
20141106,27.64,7.61083 ,-0.15470 ,2.19177 ,-1.30320 ,0.62177 ,-1.07551 ,1.14398 
20141107,27.57,7.62082 ,-1.38865 ,-1.24620 ,-0.58438 ,1.75626 ,-1.54967 ,0.78966 
20141110,27.58,7.51974 ,-0.33612 ,-6.40199 ,-2.25481 ,2.69692 ,-0.27493 ,-0.66378 
20141111,27.57,7.50294 ,-0.50911 ,1.94240 ,-0.33884 ,-0.94328 ,-1.17133 ,0.90754 
20141112,27.48,7.63070 ,-0.41961 ,1.85185 ,-0.49848 ,-0.90962 ,-0.49795 ,0.64256 
20141113,27.58,7.68289 ,0.36244 ,2.01484 ,-0.87217 ,-0.04323 ,-0.14955 ,-0.00314 
20141114,27.85,7.75771 ,-0.43200 ,-0.53939 ,-0.43022 ,1.38221 ,-0.65643 ,-0.45988 
20141117,27.99,7.82778 ,-1.75414 ,-2.80676 ,0.76650 ,1.40460 ,-1.84305 ,0.15754 
20141118,27.99,8.64370 ,-0.28200 ,-5.40256 ,-2.52690 ,1.44361 ,2.19121 ,-1.74561 
20141119,28.22,8.70760 ,-1.18138 ,-0.07448 ,-0.44464 ,-0.87232 ,0.28317 ,-1.21422 
20141120,28.08,8.90929 ,-1.99725 ,-3.27806 ,-0.09109 ,-0.17499 ,-0.66070 ,-1.06416 
20141121,28.13,9.34557 ,-0.73642 ,1.49046 ,-0.75673 ,-1.70625 ,0.51226 ,-1.07085 
20141124,28.08,9.29007 ,-0.61822 ,1.96964 ,0.19820 ,-1.89158 ,-0.58020 ,-0.49980 
20141125,28.13,9.46331 ,0.02144 ,1.37582 ,-0.39365 ,-0.64387 ,-0.04512 ,-1.40034 
20141126,28.02,9.49189 ,0.22785 ,1.80694 ,-0.07271 ,-0.69467 ,-0.48040 ,-0.83325 
20141127,27.94,9.51709 ,1.02150 ,1.37959 ,-0.56667 ,-0.33251 ,0.33819 ,-1.67593 
20141128,28.21,9.31345 ,2.42686 ,1.04621 ,-0.94806 ,-0.01829 ,-0.19196 ,-0.98628 
20141201,28.03,9.19428 ,0.79661 ,0.24511 ,1.55210 ,-0.05645 ,-1.94295 ,0.00154 
20141202,27.97,9.46921 ,1.74553 ,0.19724 ,0.23638 ,0.18254 ,-0.24954 ,-1.28354 
20141203,27.98,9.31669 ,2.34321 ,0.82904 ,0.28778 ,-0.10702 ,-0.03974 ,-1.23351 
20141204,27.99,9.20851 ,2.31071 ,1.85949 ,1.02247 ,-0.61304 ,-0.18818 ,-1.00256 
20141205,27.95,9.21082 ,2.89730 ,1.35162 ,0.68248 ,-0.01006 ,-0.55635 ,-0.46455 
20141208,28.22,9.20965 ,3.09098 ,0.97018 ,0.41993 ,0.55724 ,-0.35629 ,-1.13329 
20141209,28.29,9.12494 ,1.28080 ,-5.10678 ,2.04257 ,2.51702 ,-1.96397 ,-1.52128 
20141210,28.29,9.64666 ,-0.40987 ,0.19119 ,2.83175 ,-0.73695 ,-0.23014 ,-1.48871 
20141211,27.94,9.86535 ,-0.67591 ,1.36064 ,2.86491 ,-1.23003 ,0.44210 ,-1.30411 
20141212,27.98,9.81356 ,1.77246 ,-0.09458 ,-0.09533 ,0.14579 ,2.67690 ,-2.43275 
20141215,27.77,9.39295 ,2.55262 ,-0.18318 ,0.13349 ,0.46795 ,0.77441 ,-0.55192 
20141216,28.03,9.15905 ,3.57689 ,0.51221 ,-0.56821 ,0.03647 ,0.73833 ,-0.25743 
20141217,27.71,8.89274 ,2.08629 ,0.49257 ,1.46926 ,-0.33333 ,-1.19000 ,1.07155 
20141218,27.85,9.03219 ,3.71781 ,0.67863 ,-0.08565 ,-0.08210 ,0.75153 ,-0.83598 
20141219,27.62,8.70362 ,3.26282 ,0.70135 ,1.28259 ,-0.12779 ,-0.62896 ,-0.34444 
20141222,27.76,8.60039 ,4.53093 ,0.48581 ,0.14651 ,-0.04348 ,0.47651 ,-1.14928 
20141223,27.85,8.34485 ,4.05698 ,1.30875 ,1.29529 ,-0.55934 ,-0.85349 ,0.30983 
20141224,27.85,8.45103 ,2.82912 ,0.63607 ,2.39512 ,-0.28575 ,-0.48104 ,-0.39083 
20141225,27.81,8.58979 ,2.55322 ,-1.44127 ,2.48090 ,0.98775 ,0.21448 ,-1.48436 
20141226,27.87,8.54998 ,2.81875 ,0.63036 ,2.68372 ,-0.28843 ,0.63558 ,-0.92247 
20141227,27.88,8.45741 ,3.68407 ,-4.63740 ,0.92742 ,2.44692 ,0.56638 ,-1.41706 
20141229,27.99,8.34090 ,2.07831 ,-4.13649 ,2.13236 ,1.32225 ,-0.19886 ,-0.23808 
20141230,27.9,8.62647 ,0.52659 ,-0.30839 ,3.33075 ,-0.93327 ,0.45966 ,0.00429 
20141231,27.59,8.74525 ,1.01787 ,-2.99228 ,1.92782 ,0.23166 ,1.17785 ,-0.46169 
20150105,27.56,8.54890 ,3.03313 ,0.08885 ,0.50371 ,-0.89486 ,2.47375 ,-0.77628 
20150106,27.69,8.09666 ,4.00981 ,1.80809 ,0.79466 ,-1.36121 ,1.28257 ,0.67559 
20150107,28.03,8.06026 ,3.25092 ,1.18804 ,1.15371 ,-0.77652 ,0.60101 ,1.21741 
20150108,28.08,8.28845 ,0.15630 ,-1.45063 ,3.17029 ,0.44727 ,-1.21581 ,1.24522 
20150109,28.35,8.85869 ,-0.32754 ,-4.11880 ,2.02658 ,0.91462 ,0.31771 ,-0.75015 
20150112,28.47,9.23134 ,-1.80774 ,-2.50982 ,3.07421 ,-0.53411 ,-0.04326 ,-0.32037 
20150113,28.54,9.83279 ,-2.85721 ,-0.49585 ,3.24541 ,-1.21413 ,0.71994 ,-0.46610 
20150114,28.25,10.14992 ,-3.32363 ,-0.19557 ,2.91735 ,-1.09973 ,1.11893 ,0.37865 
20150115,28.13,10.32945 ,-1.89970 ,-0.56835 ,0.78681 ,-0.33772 ,3.02657 ,-0.15009 
20150116,28.13,10.05884 ,-0.51086 ,1.40599 ,-0.04692 ,-0.71257 ,2.48613 ,1.34414 
20150119,28.03,9.92105 ,-0.19660 ,2.11501 ,-0.31652 ,-0.55422 ,1.47707 ,1.97027 
20150120,27.85,9.78147 ,1.14243 ,0.74045 ,-1.24125 ,0.93631 ,0.58405 ,1.87139 
20150121,27.76,9.51552 ,2.66969 ,1.58925 ,-1.83296 ,0.65964 ,0.20035 ,1.69885 
20150122,27.59,9.15668 ,3.66700 ,0.43981 ,-2.05072 ,1.09080 ,-0.42489 ,1.31028 
20150123,27.9,8.79015 ,4.86665 ,0.24284 ,-2.36936 ,1.00633 ,-0.79805 ,0.95338 
20150126,28.03,8.47782 ,2.94706 ,-0.51423 ,0.48646 ,0.70921 ,-3.11309 ,1.50462 
20150127,27.36,8.85933 ,1.41454 ,0.77484 ,1.78315 ,-0.29863 ,-2.06204 ,0.25508 
20150128,27.15,8.62302 ,4.97889 ,-4.77209 ,-2.32698 ,1.94748 ,1.44878 ,-1.67627 
20150129,27.15,7.63484 ,6.13436 ,-0.11396 ,-1.14303 ,-0.50226 ,1.09337 ,-0.32258 
20150130,27.48,7.03695 ,6.43089 ,1.74258 ,-0.11924 ,-1.32826 ,-0.20800 ,0.55332 
20150202,27.4,6.96893 ,4.86821 ,1.12643 ,1.73253 ,-0.82762 ,-1.89329 ,1.24484 
20150203,26.93,7.24842 ,4.24242 ,1.12039 ,2.11558 ,-0.97223 ,-0.36597 ,-0.63309 
20150204,26.99,6.84035 ,6.42472 ,-2.67876 ,-0.49163 ,0.74736 ,1.41836 ,-1.64193 
20150205,26.98,6.22186 ,6.19924 ,2.10740 ,1.36017 ,-1.67601 ,0.10568 ,-0.06894 
20150206,27.3,6.03023 ,6.65187 ,1.60899 ,1.29436 ,-1.06836 ,-0.34365 ,0.33934 
20150209,27.48,6.04866 ,4.53215 ,-0.12001 ,3.44083 ,-0.05920 ,-1.61377 ,0.49265 
20150210,27.35,6.47898 ,1.81581 ,-1.52896 ,4.82034 ,-0.12070 ,-0.39687 ,-0.71159 
20150211,27.26,6.82122 ,2.05379 ,0.47992 ,3.85624 ,-1.00885 ,1.47436 ,-1.09109 
20150212,27.26,6.69739 ,2.69436 ,0.09498 ,3.05293 ,-0.66976 ,2.06346 ,-0.72349 
20150213,27.2,6.54938 ,3.19776 ,-1.26800 ,2.46831 ,0.53227 ,1.66114 ,-0.05882 
20150224,26.85,6.51871 ,3.46226 ,1.30756 ,2.09591 ,-0.52908 ,1.92243 ,1.17483 
20150225,26.84,6.17964 ,5.04261 ,-2.73895 ,-0.23123 ,1.50824 ,2.52937 ,0.86771 
20150226,26.53,5.53627 ,4.60608 ,-1.65956 ,1.00359 ,0.53578 ,0.95709 ,2.05817 
20150302,26.52,5.06194 ,5.89077 ,-2.03894 ,0.10854 ,0.45483 ,0.94230 ,2.18729 
20150303,25.88,4.59703 ,6.18136 ,1.23983 ,1.14477 ,-0.80399 ,0.18018 ,2.30072 
20150304,26.02,3.92630 ,8.82227 ,-3.74173 ,-2.09183 ,1.20025 ,2.17500 ,1.51003 
20150305,27.07,3.02222 ,7.73689 ,1.54136 ,0.73773 ,-1.19987 ,0.04911 ,2.38183 
20150306,27.03,3.26328 ,1.75767 ,-2.98208 ,5.49459 ,-0.44796 ,-4.27673 ,3.42677 
20150309,26.49,4.59405 ,0.85366 ,-0.41843 ,4.59462 ,-1.16387 ,-1.20687 ,1.29639 
20150310,26.29,4.73655 ,3.15909 ,1.05597 ,2.06428 ,-1.47667 ,2.79278 ,-0.64593 
20150311,25.88,4.03386 ,4.11968 ,0.99744 ,1.71218 ,-0.78348 ,2.54666 ,-0.01785 
20150312,25.89,3.26535 ,6.51344 ,-1.02936 ,-0.77643 ,0.72284 ,2.49059 ,1.39888 
20150313,26.2,2.68060 ,6.57415 ,1.47658 ,-0.16433 ,-0.53246 ,2.07878 ,2.21299 
20150316,26.16,2.56032 ,4.45655 ,0.37463 ,2.06198 ,-0.11912 ,0.21337 ,2.02094 
20150317,26.02,2.76619 ,3.79762 ,0.33363 ,2.24370 ,0.05213 ,0.50090 ,1.04130 
20150318,26.2,2.71204 ,4.50571 ,1.30338 ,1.83364 ,-0.36309 ,1.30166 ,0.01285 
20150319,26.16,2.54032 ,3.63191 ,0.71141 ,3.08442 ,-0.08379 ,-0.09714 ,0.15095 
20150320,26.48,2.69260 ,3.77225 ,1.24055 ,2.57770 ,-0.19955 ,0.92280 ,0.40324 
20150323,26.17,2.72264 ,1.18253 ,-1.91378 ,4.31049 ,1.11528 ,-0.50585 ,0.96725 
20150324,26.33,2.99727 ,1.87764 ,-0.27741 ,2.66947 ,0.34229 ,2.23734 ,-0.12453 
20150325,26.04,2.87427 ,1.30218 ,0.62510 ,3.67921 ,-0.02649 ,1.14390 ,0.78716 
20150326,26.11,2.87340 ,3.18222 ,1.16889 ,1.85812 ,-0.05825 ,2.89004 ,0.22946 
20150327,26.29,2.53685 ,3.12490 ,0.51338 ,2.10627 ,0.62935 ,1.62456 ,1.16322 
20150330,26.06,2.59901 ,1.39144 ,0.06241 ,3.25428 ,0.67298 ,1.08533 ,1.22608 
20150331,25.57,2.75786 ,2.89309 ,0.03347 ,0.93475 ,0.97612 ,2.37195 ,0.90312 
20150401,25.13,2.01264 ,4.35867 ,-4.85990 ,-0.95398 ,2.82183 ,2.94197 ,0.84810 
20150402,25.29,1.01308 ,6.96487 ,-2.40532 ,-1.90934 ,1.42732 ,2.55969 ,1.46208 
20150407,25.29,0.28661 ,6.44462 ,0.80830 ,-0.09881 ,-0.24061 ,0.51647 ,2.46248 
20150408,25.19,0.12219 ,5.99672 ,-0.07716 ,0.35729 ,0.17183 ,0.27223 ,1.86301 
20150409,25.33,-0.09015 ,6.34446 ,0.96926 ,0.75018 ,-0.22389 ,0.29516 ,1.20262 
20150410,25.36,-0.27715 ,4.91093 ,1.77763 ,2.76220 ,-1.01529 ,-0.30687 ,0.70058 
20150413,25.17,-0.25119 ,4.62544 ,-0.77521 ,2.82060 ,0.34203 ,-0.28905 ,-0.07832 
20150414,24.97,-0.28661 ,5.91108 ,0.79668 ,1.36590 ,-0.15581 ,1.22054 ,-0.40759 
20150415,24.84,-0.71030 ,6.68148 ,1.44666 ,1.17836 ,-0.35023 ,1.52735 ,-0.08808 
20150416,24.37,-1.27676 ,7.32262 ,-0.61847 ,1.04859 ,0.87735 ,0.92786 ,0.74068 
20150417,24.45,-1.96139 ,9.12636 ,-3.53555 ,-0.98058 ,1.92866 ,1.53658 ,0.95351 
20150420,24.23,-2.71587 ,8.55393 ,1.59720 ,1.25048 ,-0.79294 ,-0.16548 ,1.88234 
20150421,23.99,-3.11064 ,8.99956 ,-0.19310 ,0.69377 ,0.06200 ,0.39036 ,1.29762 
20150422,24.11,-3.76345 ,9.57265 ,-3.00564 ,-0.04496 ,1.48371 ,0.42403 ,0.90805 
20150423,23.89,-4.30358 ,7.83470 ,-0.71870 ,2.09499 ,-0.31155 ,-0.62296 ,1.51467 
20150424,23.8,-4.49756 ,8.36743 ,-1.57422 ,1.10817 ,-0.01573 ,0.53378 ,0.97567 
20150427,23.82,-4.96794 ,8.33861 ,-0.30976 ,1.52883 ,-0.56467 ,0.53269 ,1.13411 
20150428,23.87,-5.28885 ,7.55267 ,0.59575 ,2.49458 ,-0.91971 ,0.28405 ,0.94242 
20150429,23.87,-5.41114 ,7.24611 ,0.24703 ,2.52398 ,-0.58637 ,0.11624 ,1.26982 
20150430,23.47,-5.46463 ,6.50783 ,1.56323 ,3.30295 ,-1.19727 ,0.31489 ,0.91061 
20150504,23.04,-5.77720 ,8.16124 ,-0.29116 ,1.28938 ,-0.06856 ,2.41722 ,-0.18757 
20150505,23.5,-6.81446 ,9.33027 ,-4.67507 ,-0.41854 ,1.63713 ,1.98092 ,1.16213 
20150506,23.49,-7.34842 ,6.48677 ,-0.90659 ,3.46633 ,-0.64645 ,-1.17015 ,2.91375 
20150507,23.27,-6.97737 ,5.40379 ,-0.76447 ,2.91533 ,-0.78782 ,0.37689 ,1.62729 
20150508,23.36,-7.16382 ,5.71183 ,-0.64308 ,2.21398 ,-0.53850 ,1.69712 ,1.03418 
20150511,23.35,-7.40545 ,4.59039 ,1.06479 ,3.65121 ,-1.28025 ,1.41276 ,0.99493 
20150512,23.18,-7.42299 ,4.41349 ,1.00492 ,3.17360 ,-0.74283 ,1.37461 ,1.72141 
20150513,23.18,-7.52212 ,5.20119 ,1.16643 ,2.01004 ,-0.32349 ,2.32290 ,1.61754 
20150514,22.78,-7.77426 ,4.94655 ,-0.36244 ,1.90413 ,0.79241 ,1.75684 ,1.27182 
20150515,22.72,-8.17351 ,6.81371 ,0.39792 ,0.13282 ,0.62027 ,2.72291 ,1.73161 
20150518,22.27,-8.84228 ,7.33028 ,-0.12643 ,0.38863 ,0.87518 ,1.04746 ,2.19161 
20150519,20.38,-9.52346 ,9.09792 ,-0.67377 ,-0.99816 ,1.11531 ,1.74645 ,2.06046 
20150520,21.07,-11.69169 ,16.05666 ,-7.88833 ,-8.91946 ,3.12489 ,7.47063 ,2.28084 
20150521,21.43,-14.27511 ,11.24873 ,-5.70543 ,-1.69668 ,0.38147 ,-0.30655 ,4.40423 
20150522,21.76,-14.14895 ,8.15881 ,-2.30276 ,0.98226 ,-1.82460 ,-1.67831 ,3.97200 
20150525,22.21,-13.77938 ,5.69863 ,-5.30548 ,1.73366 ,-1.33630 ,-1.47999 ,2.65692 
20150526,22.12,-13.12281 ,1.95715 ,-2.36006 ,5.35276 ,-2.96175 ,-1.51022 ,0.68453 
20150527,22.16,-12.47429 ,1.85420 ,-1.25349 ,3.88265 ,-3.12554 ,0.81032 ,0.08840 
20150528,22.34,-12.38007 ,1.17152 ,-2.83360 ,3.24955 ,-2.32264 ,1.54784 ,0.22711 
20150529,22.51,-12.24391 ,-0.02927 ,-1.11774 ,3.98534 ,-2.70993 ,0.96610 ,1.43867 
20150601,22.53,-11.72575 ,-1.45797 ,-1.54600 ,3.54013 ,-2.10077 ,1.81307 ,1.55656 
20150602,22.45,-11.33279 ,-2.51831 ,-4.23605 ,2.43975 ,-1.32489 ,2.54615 ,1.26845 
20150603,22.6,-11.14660 ,-1.93631 ,1.09856 ,2.17404 ,-2.70448 ,3.24372 ,1.40309 
20150604,23.18,-11.05716 ,-2.29707 ,1.48612 ,2.33380 ,-2.18928 ,2.08236 ,2.44970 
20150605,23.11,-10.47018 ,-4.81201 ,-1.07354 ,3.88127 ,-0.36554 ,-0.38287 ,2.67551 
20150608,23.35,-9.43878 ,-4.91327 ,1.39000 ,2.12204 ,-0.94404 ,2.15620 ,1.70799 
20150609,23.35,-9.00078 ,-6.49948 ,1.09266 ,2.56242 ,-0.50607 ,1.46572 ,1.86713 
20150610,23.09,-8.51846 ,-6.31394 ,0.68029 ,1.89731 ,0.35461 ,1.94710 ,1.37657 
20150611,23.22,-8.34985 ,-4.14896 ,1.96418 ,-0.66288 ,0.72401 ,3.18015 ,1.66021 
20150612,23.63,-8.49387 ,-3.96971 ,1.79010 ,-0.16509 ,0.94514 ,1.53513 ,2.57247 
20150615,23.79,-8.12772 ,-5.75098 ,0.80457 ,1.35070 ,1.41862 ,-0.47397 ,2.90617 
20150616,23.55,-7.34217 ,-5.85870 ,-0.79380 ,0.21270 ,2.08422 ,0.10323 ,1.79198 
20150617,23.55,-7.01822 ,-4.51850 ,2.59198 ,-0.77703 ,0.57263 ,1.68839 ,1.12071 
20150618,23.1,-7.12877 ,-3.59038 ,2.39876 ,-1.06528 ,1.17331 ,0.82347 ,1.34386 
20150622,22.82,-7.42070 ,-0.48581 ,0.66198 ,-3.91227 ,2.71663 ,1.32389 ,1.36142 
20150623,22.78,-8.16664 ,1.72253 ,1.28820 ,-4.74721 ,2.15808 ,0.48986 ,2.29833 
20150624,22.98,-8.81303 ,1.96364 ,0.76350 ,-3.87697 ,2.13806 ,-1.05350 ,1.98179 
20150625,23.82,-9.00417 ,1.16057 ,2.92987 ,-1.70136 ,0.69896 ,-2.78147 ,2.40622 
20150626,23.29,-8.41718 ,-3.13624 ,0.84168 ,2.55943 ,1.10011 ,-5.62846 ,1.92129 
20150629,23.49,-7.40218 ,-0.78733 ,0.83554 ,-1.25069 ,1.73328 ,-0.33702 ,-1.80813 
20150630,23.59,-7.66195 ,-1.67556 ,0.16275 ,0.28475 ,1.64198 ,-1.14096 ,-1.36437 
20150701,23.76,-7.37251 ,-2.42669 ,-0.04586 ,0.63370 ,1.44207 ,-1.06501 ,-0.89476 
20150702,23.64,-7.07645 ,-3.07459 ,0.62917 ,0.67156 ,1.21875 ,-1.27667 ,0.20051 
20150703,23.81,-6.73346 ,-2.79907 ,1.59924 ,0.02439 ,0.90571 ,0.96166 ,-0.85639 
20150706,24.03,-6.66178 ,-3.35329 ,0.63779 ,0.50521 ,1.45336 ,-0.21226 ,-0.07133 
20150707,24.1,-6.26919 ,-4.87556 ,1.54073 ,1.58176 ,0.95979 ,-0.64925 ,0.16259 
20150708,24.1,-5.79703 ,-4.66956 ,1.50257 ,0.77267 ,1.21136 ,-0.10805 ,0.18512 
20150709,24.05,-5.44557 ,-4.68801 ,1.83370 ,0.28267 ,1.33710 ,1.10765 ,-0.40540 
20150713,24.14,-5.27208 ,-4.44463 ,2.04960 ,-0.54984 ,1.59577 ,1.61534 ,-0.19041 
20150714,24.64,-5.14857 ,-4.52336 ,2.44745 ,-0.56608 ,1.70289 ,0.72803 ,0.54152 
20150715,24.28,-4.78583 ,-6.75479 ,-1.17774 ,1.10442 ,3.09189 ,-1.67599 ,0.71149 
20150716,24.2,-4.11875 ,-4.34250 ,2.31853 ,-1.49141 ,1.51808 ,1.60052 ,-0.26878 
20150717,24.74,-4.37353 ,-3.10989 ,3.52042 ,-1.76994 ,1.28080 ,0.97556 ,0.27001 
20150720,24.64,-4.25532 ,-5.94483 ,-0.65125 ,0.94500 ,3.20207 ,-2.38172 ,0.73677 
20150721,24.55,-3.49861 ,-4.94354 ,2.20784 ,-0.58481 ,1.88066 ,-0.42435 ,0.39158 
20150722,24.53,-3.39743 ,-4.30448 ,2.52656 ,-1.03558 ,1.72653 ,0.29089 ,-0.19948 
20150723,24.27,-3.45241 ,-4.08675 ,1.79312 ,-1.05521 ,2.31304 ,0.22563 ,-0.45317 
20150724,24.09,-3.59860 ,-1.52666 ,2.04142 ,-3.22254 ,2.68943 ,0.46535 ,0.64661 
20150727,24.12,-4.09150 ,0.04684 ,2.43338 ,-3.36329 ,2.54630 ,-0.26899 ,0.72418 
20150728,24.54,-4.48274 ,0.13934 ,2.61014 ,-2.27584 ,2.06676 ,-1.75305 ,1.19659 
20150729,24.78,-4.26799 ,-2.33865 ,1.24364 ,0.02307 ,2.54350 ,-3.17066 ,0.97832 
20150730,24.87,-3.54946 ,-3.53063 ,-1.63298 ,0.19477 ,3.47642 ,-2.67063 ,-1.02316 
20150731,24.7,-2.98924 ,-4.26346 ,0.48739 ,0.66573 ,1.98735 ,-1.55213 ,-1.83725 
20150803,24.28,-2.77307 ,-3.17137 ,2.11581 ,-0.27486 ,1.20501 ,0.17134 ,-1.93609 
20150804,24.17,-3.11346 ,0.01036 ,1.93650 ,-2.84314 ,1.82331 ,1.49062 ,-1.44638 
20150805,23.67,-3.82188 ,1.04523 ,2.36050 ,-2.49243 ,1.79391 ,0.24643 ,-0.01426 
20150806,23.68,-4.45359 ,3.96158 ,-0.10877 ,-4.70533 ,3.11924 ,0.84869 ,-0.44599 
20150807,23.36,-5.33598 ,4.00364 ,1.49562 ,-2.95489 ,1.86714 ,-0.86736 ,0.38824 
20150810,23.16,-5.84412 ,5.46101 ,1.85117 ,-3.27021 ,1.62027 ,-0.57143 ,-0.11990 
20150811,23.55,-6.69721 ,6.27155 ,-0.08006 ,-3.08128 ,2.36335 ,-1.15105 ,-0.05603 
20150812,23.42,-6.96469 ,3.81601 ,0.11611 ,0.30348 ,1.50195 ,-3.33388 ,-0.25040 
20150813,23.45,-6.79685 ,3.82938 ,0.05553 ,-0.08685 ,1.09633 ,-1.35092 ,-1.44303 
20150814,23.47,-6.93764 ,3.13437 ,1.81349 ,1.14949 ,0.06966 ,-0.76877 ,-1.66778 
20150817,23.5,-6.90083 ,2.58738 ,0.92298 ,1.53386 ,0.60022 ,-0.36980 ,-2.54237 
20150818,23.51,-6.94490 ,2.66779 ,-0.41612 ,1.33419 ,1.35347 ,-0.28577 ,-1.86933 
20150819,23.39,-6.90416 ,2.12457 ,0.08866 ,1.63014 ,0.63731 ,0.87886 ,-2.27965 
20150820,23.83,-7.02994 ,2.64571 ,0.71585 ,1.11507 ,0.47042 ,1.28479 ,-1.86182 
20150821,23.98,-6.95848 ,0.02178 ,1.01439 ,3.78244 ,0.23682 ,-0.89570 ,-0.09436 
20150824,23.52,-6.18537 ,-0.66305 ,-3.32213 ,1.78452 ,2.19955 ,0.74385 ,-1.62243 
20150825,23.87,-6.29770 ,1.16887 ,-5.60233 ,-1.20199 ,2.25933 ,2.62382 ,-1.58382 
20150826,23.8,-6.71956 ,-0.83356 ,-8.12664 ,0.53376 ,1.21589 ,-0.13372 ,-0.08196 
20150827,24.16,-6.21884 ,-0.17815 ,-6.60042 ,-1.55848 ,-0.49515 ,1.67508 ,-0.00774 
20150828,24.29,-6.15274 ,-2.37772 ,-4.28298 ,0.65381 ,-1.92331 ,-1.02473 ,1.28046 
20150831,24.11,-5.72292 ,-3.62103 ,-8.63369 ,-0.16068 ,-2.01338 ,-0.37081 ,0.17474 
20150901,23.92,-5.18456 ,-1.82327 ,-5.37472 ,-2.71740 ,-3.53288 ,2.30127 ,-0.26774 
20150902,24,-5.43849 ,-0.83852 ,-2.49659 ,-2.73803 ,-4.31706 ,1.87399 ,0.19800 
20150903,23.56,-5.78771 ,-0.63870 ,-1.80565 ,-1.95185 ,-3.74335 ,-0.45415 ,1.46962 
20150904,23.42,-6.12046 ,1.49248 ,-7.86449 ,-5.46079 ,-2.78993 ,1.10439 ,1.01897 
20150907,22.83,-6.65887 ,2.56108 ,0.57201 ,-3.59657 ,-4.94246 ,0.18008 ,1.47188 
20150908,22.94,-7.72189 ,4.52769 ,-8.04635 ,-6.94679 ,-4.14592 ,1.04898 ,1.50616 
20150909,23.13,-8.71010 ,4.05873 ,-8.67329 ,-5.58306 ,-5.15928 ,-1.64775 ,2.28784 
20150910,23.39,-8.68893 ,3.03394 ,-1.13907 ,-2.43783 ,-7.36642 ,-2.13535 ,1.52353 
20150911,23.55,-8.39068 ,1.42634 ,-0.33990 ,-0.37827 ,-6.55841 ,-2.46314 ,0.66503 
20150914,23.22,-7.88444 ,-0.30905 ,0.25460 ,1.26163 ,-5.48110 ,-1.62114 ,-1.18964 
20150915,23.53,-7.73903 ,1.40359 ,-0.52567 ,-0.82463 ,-4.13129 ,0.96476 ,-1.95456 
20150916,23.59,-7.83464 ,0.01019 ,-0.06656 ,0.85103 ,-4.13862 ,-0.52158 ,-1.09670 
20150917,23.64,-7.43221 ,-0.51043 ,0.60504 ,1.07857 ,-3.61674 ,-0.19336 ,-0.99564 
20150918,23.55,-7.16036 ,-0.74605 ,1.05431 ,1.11876 ,-2.72844 ,0.43511 ,-0.95890 
20150921,23.54,-7.03305 ,-0.72104 ,1.21169 ,0.47133 ,-2.47672 ,1.44161 ,-1.34125 
20150922,23.58,-7.09738 ,0.09571 ,-0.05822 ,-0.44353 ,-1.01329 ,0.85186 ,-0.55743 
20150923,23.36,-7.08648 ,-0.13025 ,1.74740 ,-0.05375 ,-1.94353 ,0.00773 ,0.24928 
20150924,23.47,-7.13756 ,1.40754 ,0.24693 ,-1.88079 ,-0.47375 ,0.42659 ,0.16770 
20150925,23.01,-7.32782 ,0.55853 ,0.82885 ,-0.63294 ,-0.31152 ,-0.61245 ,0.64351 
20150930,23.39,-7.49414 ,2.94356 ,-0.37189 ,-3.46546 ,0.18570 ,1.53122 ,-0.11989 
20151001,22.58,-8.08047 ,1.04052 ,0.37887 ,0.09093 ,-0.67940 ,-2.30767 ,1.75618 
20151002,22.03,-8.32682 ,4.91351 ,-2.35680 ,-4.10895 ,0.46689 ,1.42590 ,-0.70380 
20151005,22.18,-9.64910 ,7.83348 ,-1.30601 ,-5.69450 ,-0.24030 ,2.47244 ,0.18312 
20151006,21.98,-10.79064 ,6.31549 ,-0.09066 ,-2.29286 ,-1.35418 ,-0.72203 ,1.05058 
20151007,21.74,-11.15045 ,7.33627 ,0.84097 ,-2.87418 ,-1.35267 ,-0.41522 ,0.99925 
20151008,21.86,-11.81917 ,8.07823 ,-0.84521 ,-2.90298 ,-0.78635 ,-0.07193 ,0.31210 
20151012,21.5,-12.34720 ,7.05573 ,-0.04959 ,-0.79500 ,-1.51270 ,-1.15569 ,0.00653 
20151013,21.14,-12.81616 ,8.16502 ,-1.02502 ,-1.92917 ,-1.40328 ,-0.09218 ,0.03720 
20151014,21.84,-13.62982 ,9.44608 ,-1.44698 ,-2.77368 ,-1.33065 ,0.62399 ,-0.00331 
20151015,22.13,-14.20757 ,4.91616 ,-1.72336 ,2.74921 ,-2.03041 ,-4.22264 ,1.72973 
20151016,21.78,-13.19089 ,2.41963 ,0.68445 ,3.61463 ,-2.81194 ,-1.72960 ,-0.04924 
20151019,21.51,-12.88365 ,3.22217 ,-0.68730 ,1.68649 ,-1.63440 ,1.28941 ,-1.30417 
20151020,21.62,-13.37418 ,3.86490 ,-0.45602 ,1.20793 ,-1.26003 ,2.25050 ,-1.49577 
20151021,21.96,-13.70025 ,3.48768 ,1.17397 ,1.53668 ,-1.62073 ,1.22792 ,0.20508 
20151022,21.96,-13.46760 ,1.53034 ,0.79734 ,2.96415 ,-1.21275 ,0.00270 ,0.79772 
20151023,22.1,-13.02166 ,0.59995 ,1.70503 ,2.87535 ,-1.20691 ,1.09127 ,0.03974 
20151026,22.29,-12.80180 ,-1.01570 ,1.45623 ,3.61555 ,-0.94171 ,1.42637 ,-0.27174 
20151027,22.5,-12.45504 ,-2.34952 ,1.54237 ,4.27437 ,-0.70825 ,1.01054 ,0.05214 
20151028,22.92,-12.16905 ,-3.18414 ,-1.90424 ,3.83449 ,1.01744 ,-0.24010 ,1.01742 
20151029,22.8,-11.35415 ,-5.35378 ,-3.56842 ,4.03703 ,1.30037 ,0.13296 ,0.20051 
20151030,22.88,-10.49627 ,-4.96391 ,1.45736 ,2.67545 ,-0.84101 ,2.76208 ,0.08949 
20151102,22.7,-10.27394 ,-5.47147 ,1.01176 ,2.36497 ,-0.13723 ,2.26500 ,0.55977 
20151103,22.5,-10.11515 ,-4.14642 ,0.65509 ,0.38174 ,0.75465 ,2.94484 ,0.56080 
20151104,22.84,-10.42769 ,-2.06411 ,-1.07670 ,-1.63259 ,1.56996 ,2.26277 ,1.40966 
20151105,23,-10.41750 ,-3.99339 ,0.36462 ,0.50625 ,0.42471 ,0.19676 ,2.05196 
20151106,23.17,-9.87487 ,-5.22900 ,0.78430 ,0.65511 ,0.25703 ,-0.01894 ,1.77316 
20151109,23.07,-9.39699 ,-6.00057 ,2.00714 ,1.11400 ,0.02374 ,-0.17998 ,1.42192 
20151110,23.21,-9.05371 ,-5.33216 ,1.40761 ,0.21366 ,0.67205 ,1.08129 ,0.23985 
20151111,23.17,-8.87087 ,-5.35078 ,1.32156 ,-0.06842 ,0.91960 ,0.65146 ,0.48877 
20151112,23,-8.57749 ,-4.86252 ,1.72366 ,-1.05682 ,0.87442 ,1.14244 ,0.40998 
20151113,23.12,-8.59975 ,-3.14015 ,1.88182 ,-2.68794 ,1.40372 ,1.42786 ,0.74761 
20151116,23.31,-8.67466 ,-3.58042 ,2.03776 ,-1.66977 ,1.53233 ,0.03764 ,0.97881 
20151117,23.65,-8.47988 ,-4.38659 ,-0.29826 ,-1.09042 ,2.43371 ,-1.31308 ,0.73127 
20151118,23.91,-8.10636 ,-5.91092 ,-0.46275 ,0.39910 ,1.61422 ,-2.77920 ,1.15804 
20151119,23.79,-7.20053 ,-6.97887 ,0.75808 ,0.71591 ,0.88423 ,-1.46937 ,-0.33898 
20151120,24,-6.61978 ,-6.16157 ,2.20979 ,-0.54808 ,0.64137 ,0.45899 ,-0.83108 
20151123,24.01,-6.46921 ,-7.22811 ,0.07810 ,0.21955 ,1.73146 ,-0.66123 ,-0.33584 
20151124,23.97,-5.99034 ,-6.44444 ,0.06855 ,-1.04528 ,1.82477 ,0.26908 ,-0.31809 
20151125,24.07,-5.80304 ,-5.80858 ,0.47878 ,-2.00517 ,1.49368 ,0.72263 ,-0.10069 
20151126,24.11,-5.86656 ,-6.45117 ,-0.27522 ,-0.88753 ,1.42849 ,-1.00275 ,0.69188 
20151127,24.31,-5.43811 ,-6.13916 ,1.23716 ,-1.29585 ,1.08556 ,-0.12298 ,0.11890 
20151130,24.49,-5.13427 ,-6.92338 ,1.04621 ,-0.60614 ,1.08738 ,-0.49924 ,-0.03419 
20151201,23.79,-4.61850 ,-7.45072 ,2.18627 ,-0.10588 ,0.53357 ,-0.24326 ,-0.52584 
20151202,24.08,-4.59774 ,-2.99049 ,1.38550 ,-4.90848 ,1.47880 ,3.41799 ,-1.10458 
20151203,24.08,-5.26032 ,-3.54358 ,2.49891 ,-2.05919 ,1.22864 ,-0.67849 ,0.72014 
20151204,24.19,-5.03115 ,-3.16362 ,0.85512 ,-2.51966 ,2.13421 ,-0.69380 ,0.37104 
20151207,24.43,-4.85603 ,-3.07734 ,2.28141 ,-2.07009 ,1.61300 ,-1.06821 ,0.53635 
20151208,24.3,-4.64329 ,-4.88071 ,-2.05313 ,-0.78085 ,2.59016 ,-1.50434 ,-1.08009 
20151209,24.07,-4.27375 ,-3.72696 ,2.83652 ,-1.34886 ,0.54997 ,-0.27252 ,-0.84063 
20151210,23.88,-4.43751 ,-1.67331 ,2.38954 ,-2.94293 ,1.14618 ,0.32015 ,-0.74388 
20151211,23.92,-4.87539 ,0.20631 ,0.26947 ,-3.93547 ,2.61656 ,-0.20997 ,-0.72906 
20151214,23.7,-5.18327 ,0.47229 ,2.89149 ,-3.05026 ,1.23668 ,-1.39296 ,0.43207 
20151215,23.43,-5.41080 ,1.95901 ,1.74252 ,-3.87310 ,1.77763 ,-1.09650 ,-0.00312 
20151216,23.75,-5.98103 ,3.79075 ,1.84253 ,-4.09504 ,1.68444 ,-1.00354 ,-0.39065 
20151217,23.64,-6.36771 ,1.86433 ,2.21608 ,-0.79293 ,1.06782 ,-3.60156 ,0.11049 
20151218,23.55,-6.17372 ,2.60905 ,2.58866 ,-1.20663 ,0.88483 ,-2.14880 ,-1.22015 
20151221,23.28,-6.42177 ,2.98241 ,2.18905 ,-1.02553 ,0.99345 ,-1.60227 ,-1.69342 
20151222,23.16,-6.75479 ,4.14574 ,0.97495 ,-1.80834 ,1.65376 ,-0.36076 ,-2.44423 
20151223,23.31,-7.30093 ,5.32757 ,1.95440 ,-1.75492 ,1.16513 ,-0.90803 ,-1.36058 
20151224,23.29,-7.72049 ,3.62882 ,1.28779 ,0.76459 ,1.07895 ,-2.80367 ,-0.22836 
20151225,23.26,-7.59857 ,3.69381 ,-0.52834 ,0.30282 ,1.87926 ,-1.30157 ,-1.72547 
20151228,23.53,-7.70881 ,3.32202 ,0.36536 ,1.01389 ,0.97765 ,-0.47532 ,-1.89471 
20151229,23.55,-7.66444 ,1.06926 ,1.17283 ,3.33974 ,0.17676 ,-1.60994 ,-1.61674 
20151230,23.57,-7.24446 ,0.42420 ,0.28415 ,2.64663 ,0.84309 ,-0.10508 ,-2.29677 
20151231,23.5,-7.08647 ,-0.23182 ,2.32432 ,3.02330 ,-0.07939 ,0.83850 ,-1.87914 
20160104,23.47,-7.02259 ,-0.35266 ,1.51193 ,2.35967 ,0.57768 ,1.86765 ,-1.98649 
20160105,23.26,-7.01947 ,0.08581 ,1.49104 ,1.10591 ,1.23386 ,1.85487 ,-0.68995 
20160106,23.2,-7.23960 ,1.63791 ,-1.01293 ,-0.49998 ,2.65368 ,1.90904 ,-0.57694 
20160107,22.98,-7.53397 ,2.82320 ,2.48335 ,-0.60385 ,1.03733 ,0.93157 ,0.30129 
20160108,23.16,-7.89596 ,4.20096 ,-1.31606 ,-1.89639 ,2.76504 ,0.61778 ,-0.13305 
20160111,23.35,-8.23366 ,3.24623 ,-0.67834 ,-0.23217 ,2.12282 ,-1.65818 ,0.58327 
20160112,23.31,-8.03321 ,1.15004 ,1.08947 ,1.80868 ,0.61430 ,-1.64707 ,0.25200 
20160113,23.11,-7.76320 ,1.02220 ,1.18435 ,1.45723 ,0.70027 ,-0.37701 ,-0.88208 
20160114,22.83,-7.83005 ,2.32131 ,1.84777 ,0.45201 ,0.58031 ,1.25817 ,-1.77517 
20160115,22.64,-8.36749 ,4.18078 ,1.49679 ,-0.41843 ,1.14114 ,1.30608 ,-1.23297 
20160118,22.19,-8.97102 ,5.63666 ,0.58701 ,-1.16906 ,1.70579 ,0.92577 ,-0.39816 
20160119,22.17,-9.76007 ,7.46982 ,-1.52726 ,-2.60451 ,2.48159 ,1.33207 ,-0.28810 
20160120,22,-10.58150 ,7.48023 ,0.28794 ,-1.35846 ,1.28878 ,0.01009 ,0.19271 
20160121,22.03,-11.09566 ,7.98684 ,0.76141 ,-1.04921 ,0.86964 ,-0.39505 ,0.20764 
20160122,22.03,-11.49730 ,7.88508 ,2.85807 ,0.12799 ,0.00927 ,-1.12271 ,0.30736 
20160125,21.86,-11.83390 ,6.99676 ,-1.14957 ,0.84346 ,1.55463 ,-1.66009 ,-0.34726 
20160126,21.81,-12.02403 ,7.84797 ,1.58449 ,0.59502 ,0.23907 ,-0.41626 ,-0.36828 
20160127,21.4,-12.45653 ,7.67664 ,-1.82599 ,0.47255 ,1.46215 ,-0.50649 ,-0.70844 
20160128,21.59,-13.04977 ,8.81043 ,-4.41438 ,-1.10941 ,2.02791 ,0.45926 ,-0.45102 
20160129,21.84,-13.57163 ,7.44227 ,0.15122 ,1.32608 ,-0.41986 ,-0.95805 ,0.37804 
20160130,21.84,-13.46920 ,4.85627 ,0.76031 ,3.52495 ,-0.94658 ,-1.50977 ,0.33143 
20160201,21.78,-13.21595 ,3.84880 ,0.77698 ,3.71666 ,-0.66374 ,-0.09651 ,-0.45669 
20160202,21.89,-13.19240 ,3.38610 ,-0.09594 ,3.37572 ,-0.16951 ,1.43068 ,-1.38102 
20160203,22.19,-13.23658 ,2.15926 ,-0.12244 ,4.10802 ,-0.23954 ,1.02286 ,-0.71913 
20160215,22.18,-13.01608 ,0.07485 ,-3.50489 ,4.29911 ,0.79342 ,0.45977 ,0.30256 
20160216,22.31,-12.37554 ,-0.59213 ,1.29406 ,3.97833 ,-0.85452 ,2.28049 ,-0.08841 
20160217,22.52,-12.07101 ,-1.83454 ,1.75373 ,4.00748 ,-0.84545 ,2.98429 ,-0.03486 
20160218,22.68,-11.66561 ,-3.47402 ,1.34925 ,4.56234 ,0.06508 ,2.25915 ,0.27669 
20160219,22.85,-11.16486 ,-4.12390 ,-0.22085 ,3.80973 ,1.10040 ,2.27418 ,0.24498 
20160222,22.85,-10.66834 ,-5.07427 ,-0.27614 ,3.61117 ,1.05337 ,2.17155 ,0.50163 
20160223,23.03,-10.19637 ,-5.16575 ,1.25656 ,2.86576 ,0.67185 ,3.00765 ,0.67689 
20160224,23.04,-9.82742 ,-6.17899 ,0.42894 ,2.62311 ,1.54873 ,2.53196 ,0.88489 
20160225,22.93,-9.36365 ,-5.84556 ,1.79225 ,1.55920 ,1.27364 ,3.11098 ,1.06059 
20160226,23.08,-9.25281 ,-4.68962 ,1.48013 ,0.01182 ,1.79819 ,3.40337 ,1.14238 
20160301,23.05,-9.20674 ,-5.00449 ,1.19029 ,0.50737 ,2.11701 ,1.63177 ,1.82362 
20160302,23.17,-8.94033 ,-4.49670 ,0.72179 ,-0.55045 ,2.51592 ,1.52166 ,1.67712 
20160303,23.26,-8.79725 ,-5.15212 ,2.28668 ,0.35958 ,1.82935 ,0.54856 ,2.00934 
20160304,22.91,-8.50058 ,-5.52195 ,1.05381 ,0.26147 ,2.45759 ,0.73626 ,1.01007 
20160307,23.11,-8.43892 ,-2.69650 ,0.75268 ,-3.04816 ,3.08578 ,2.37342 ,0.37369 
20160308,23.15,-8.76383 ,-3.30236 ,1.96777 ,-1.02794 ,2.21986 ,-0.52378 ,1.69593 
20160309,22.92,-8.57016 ,-3.41813 ,0.99957 ,-1.14213 ,2.67697 ,-0.80011 ,1.30265 
20160310,22.96,-8.50298 ,-1.08843 ,3.08032 ,-3.07198 ,2.09299 ,0.47708 ,0.93872 
20160311,23.06,-8.75385 ,-0.96093 ,3.57284 ,-1.87265 ,1.76807 ,-0.38784 ,0.67231 
20160314,23.24,-8.76596 ,-1.36336 ,1.94607 ,-1.13965 ,2.84056 ,-1.65869 ,0.62205 
20160315,23.35,-8.54065 ,-2.70610 ,1.35507 ,0.02167 ,2.89811 ,-2.11720 ,0.49343 
20160316,23.35,-8.14519 ,-3.93494 ,2.42352 ,0.75970 ,2.01029 ,-1.30135 ,-0.58463 
20160317,22.69,-7.84440 ,-4.32168 ,2.99349 ,0.62434 ,1.80457 ,-0.03981 ,-1.00032 
20160318,22.94,-8.17504 ,0.47646 ,-0.40358 ,-4.07794 ,4.07187 ,2.83429 ,-2.02096 
20160321,23.09,-8.96240 ,-0.25125 ,2.36664 ,-1.23914 ,2.44035 ,-0.88186 ,0.84509 
20160322,23.34,-8.72451 ,-1.47310 ,2.56157 ,-0.42789 ,2.18905 ,-1.18084 ,0.62419 
20160323,23.38,-8.33887 ,-2.92193 ,1.07646 ,0.37412 ,3.06969 ,-1.38893 ,0.33002 
20160324,23.54,-8.01307 ,-4.12711 ,-3.21553 ,0.48523 ,4.32794 ,-0.70728 ,-1.37035 
20160325,23.66,-7.64735 ,-4.64962 ,1.37355 ,1.17048 ,1.76525 ,-0.45263 ,-0.78468 
20160328,23.66,-7.30578 ,-5.24553 ,0.12581 ,1.10984 ,2.09256 ,-0.33099 ,-0.79418 
20160329,23.23,-6.94459 ,-5.17502 ,2.58514 ,0.78623 ,1.32640 ,0.71709 ,-0.57222 
20160330,23.35,-7.06517 ,-2.45102 ,0.31819 ,-2.54542 ,2.72605 ,3.00478 ,-0.88632 
20160331,23.75,-7.44514 ,-2.28013 ,2.98383 ,-1.43129 ,1.73680 ,0.92753 ,1.09325 
20160401,23.82,-7.19318 ,-4.64963 ,0.80943 ,0.43922 ,2.49285 ,-1.31193 ,1.31582 
20160406,24.11,-6.64246 ,-4.67105 ,-0.87241 ,-0.21400 ,3.22597 ,-0.88940 ,0.41786 
20160407,24.23,-6.17368 ,-6.10258 ,-0.27698 ,0.90062 ,2.18899 ,-0.61085 ,-0.40475 
20160408,24.48,-5.55124 ,-6.93384 ,1.01549 ,1.04110 ,1.52336 ,-0.15943 ,-0.48997 
20160411,24.53,-5.02981 ,-7.55942 ,-1.10610 ,0.72586 ,2.30226 ,-0.49829 ,-0.32894 
20160412,24.71,-4.40926 ,-7.60925 ,0.34178 ,0.39255 ,1.67118 ,0.43863 ,-0.67486 
20160413,24.63,-4.00092 ,-8.19058 ,-1.11869 ,0.16188 ,1.93619 ,0.57471 ,-0.58914 
20160414,24.84,-3.56946 ,-7.39924 ,0.39605 ,-0.74219 ,1.38967 ,1.35712 ,-0.53019 
20160415,24.86,-3.34703 ,-7.52247 ,-1.62183 ,-1.06882 ,2.02873 ,0.10564 ,-0.07370 
20160418,24.69,-2.89174 ,-7.11909 ,1.22489 ,-1.13532 ,0.93946 ,0.52340 ,-0.26980 
20160419,24.83,-2.74856 ,-5.20984 ,1.21097 ,-3.03916 ,1.21050 ,1.30135 ,-0.11297 
20160420,24.91,-2.78987 ,-5.61312 ,1.38072 ,-2.04877 ,1.36761 ,-0.48538 ,0.25343 
20160421,25.02,-2.48144 ,-5.61429 ,0.43104 ,-2.30195 ,1.69576 ,-0.89303 ,0.16022 
20160422,24.84,-2.25578 ,-5.97638 ,-0.50199 ,-1.91749 ,1.75487 ,-1.38410 ,-0.12226 
20160425,25.02,-2.07459 ,-4.67646 ,1.78190 ,-2.74941 ,0.75258 ,0.09893 ,-0.98669 
20160426,25.05,-2.07594 ,-5.02500 ,1.48529 ,-1.74794 ,0.99888 ,-1.30439 ,-0.32688 
20160427,24.92,-1.79594 ,-5.14502 ,2.21035 ,-1.40801 ,0.93409 ,-0.99256 ,-0.64127 
20160428,24.9,-1.68881 ,-3.84975 ,2.85892 ,-2.75365 ,1.08328 ,-0.65893 ,-0.90665 
20160429,25.34,-1.77600 ,-3.26141 ,2.76405 ,-2.76575 ,1.36751 ,-0.50239 ,-1.16964 
20160503,25.34,-1.68838 ,-5.30989 ,-1.47798 ,-0.79900 ,2.75289 ,-3.31886 ,-0.21651 
20160504,25.24,-0.93618 ,-5.50285 ,2.48296 ,-0.77827 ,0.91949 ,-1.27239 ,-1.26857 
20160505,25.22,-0.86945 ,-4.63806 ,0.63075 ,-1.87181 ,1.63681 ,-0.33199 ,-1.66765 
20160506,25.11,-0.81423 ,-4.48638 ,2.53884 ,-1.31932 ,1.10249 ,-0.20820 ,-1.88822 
20160509,25.28,-0.89304 ,-3.01126 ,2.44294 ,-2.66114 ,1.52241 ,-0.40455 ,-0.57699 
20160510,25.07,-0.92428 ,-3.89596 ,2.13084 ,-1.30654 ,1.75252 ,-1.55035 ,-0.11542 
20160511,25.19,-0.76362 ,-2.68365 ,2.98594 ,-2.55092 ,1.44656 ,0.07377 ,-1.50446 
20160512,24.8,-1.04621 ,-3.07454 ,-3.36940 ,-2.21588 ,4.00002 ,-1.59475 ,-1.51574 
20160513,25.14,-1.07649 ,0.28519 ,2.73337 ,-4.00598 ,0.94676 ,0.55645 ,-1.75397 
20160516,25.02,-1.44991 ,-1.34300 ,2.45288 ,-1.04869 ,0.89582 ,-2.31217 ,-0.32067 
20160517,24.92,-1.22270 ,-0.58323 ,0.87957 ,-1.81273 ,1.87310 ,-0.98647 ,-1.80436 
20160518,24.9,-1.40796 ,0.73140 ,2.99536 ,-2.00501 ,0.73537 ,-0.81559 ,-1.32396 
20160519,24.89,-1.61211 ,0.82512 ,1.69700 ,-1.30821 ,1.28912 ,-0.82752 ,-2.04531 
20160520,25.04,-1.82249 ,1.80772 ,-3.36901 ,-2.17352 ,3.16156 ,-1.95876 ,-1.75434 
20160523,25.16,-1.80615 ,0.55637 ,1.83935 ,0.39064 ,0.18998 ,-2.42316 ,-0.68259 
20160524,25.13,-1.52141 ,-0.89534 ,1.42746 ,1.28155 ,0.07455 ,-1.41921 ,-1.81347 
20160525,25.11,-1.33283 ,-1.02727 ,1.54515 ,1.13170 ,0.37005 ,-0.10648 ,-2.23697 
20160526,25.11,-1.36763 ,-0.94153 ,-3.36435 ,0.29890 ,2.17862 ,0.06250 ,-2.58345 
20160527,24.95,-1.30738 ,-0.48777 ,2.08794 ,0.30313 ,-0.03648 ,0.31890 ,-0.53736 
20160530,25.11,-1.33062 ,0.98138 ,2.44806 ,-0.68386 ,0.76235 ,0.93383 ,-0.81036 
20160531,25.42,-1.47795 ,-0.29358 ,0.56585 ,0.44336 ,1.58323 ,-0.54603 ,-0.17784 
20160601,25.58,-1.12363 ,-2.89212 ,-0.94800 ,1.86979 ,1.79071 ,-1.44931 ,-0.34023 
20160602,25.73,-0.53504 ,-3.94987 ,-1.68164 ,1.58159 ,1.46143 ,-0.75147 ,-0.98418 
20160603,25.5,-0.03386 ,-5.10951 ,-1.05259 ,1.83244 ,0.95354 ,0.04015 ,-1.31894 
20160604,25.11,0.26875 ,-3.70290 ,1.90481 ,0.26062 ,0.06567 ,1.80006 ,-1.40841 
20160606,24.94,-0.08804 ,-0.28384 ,2.61208 ,-2.23128 ,0.43898 ,2.56164 ,-0.79428 
20160607,25,-0.82256 ,1.70821 ,-0.54572 ,-2.96823 ,2.16761 ,1.25809 ,-0.26759 
20160608,24.78,-1.13902 ,2.13101 ,2.22414 ,-2.19431 ,0.61351 ,-0.11662 ,0.81272 
20160613,25.29,-1.40061 ,3.50596 ,2.51871 ,-2.46878 ,0.67638 ,-0.36858 ,0.20453 
20160614,25.48,-1.47671 ,0.50501 ,0.53526 ,0.89905 ,1.33257 ,-3.22298 ,0.38903 
20160615,25.55,-0.78034 ,-1.29918 ,1.63490 ,2.03742 ,0.48122 ,-2.40178 ,-1.01009 
20160616,25.57,-0.34306 ,-1.86012 ,0.38576 ,1.92852 ,0.95452 ,-1.66871 ,-1.77219 
20160617,25.02,-0.05230 ,-2.54804 ,-0.55703 ,1.88191 ,1.18817 ,-0.16867 ,-2.52136 
20160620,25.51,-0.26732 ,1.25985 ,-3.34551 ,-2.34369 ,2.17977 ,2.81590 ,-2.68691 
20160621,25.62,-0.68848 ,-1.48068 ,0.52686 ,1.38650 ,0.22044 ,-1.03158 ,0.59697 
20160622,25.7,-0.11676 ,-2.51496 ,-0.18839 ,1.44478 ,0.53212 ,-0.51123 ,-0.02835 
20160623,25.57,0.19660 ,-3.06902 ,-1.20133 ,1.02031 ,1.10810 ,-0.27471 ,-0.11781 
20160624,25.68,0.42864 ,-2.87316 ,1.76293 ,0.85998 ,-0.38835 ,1.23546 ,-0.91675 
20160627,25.6,0.45586 ,-3.25024 ,2.32218 ,1.08538 ,-0.09033 ,0.34763 ,0.16327 
20160628,25.63,0.61297 ,-2.86717 ,0.41809 ,-0.30719 ,1.44917 ,0.86201 ,-0.29361 
20160629,25.56,0.64402 ,-2.68894 ,2.76338 ,-0.23175 ,0.48842 ,0.57205 ,0.79880 
20160630,25.3,0.69492 ,-2.33246 ,2.27758 ,-1.16186 ,0.97193 ,1.43578 ,0.44644 
20160701,25.44,0.48653 ,0.16475 ,2.11195 ,-2.81557 ,1.72326 ,1.08055 ,0.86441 
20160704,25.58,0.01701 ,-0.06090 ,-3.52152 ,-2.17974 ,3.91891 ,-1.70772 ,0.89196 
20160705,25.2,0.18977 ,-1.07946 ,2.08271 ,-0.39620 ,0.62650 ,-2.01539 ,1.50214 
20160706,25.02,0.20760 ,1.82380 ,2.37182 ,-2.91339 ,0.79455 ,0.33294 ,0.02537 
20160707,25.3,-0.43424 ,2.75358 ,2.81203 ,-2.14595 ,0.91780 ,-0.43519 ,0.11546 
20160711,25.25,-0.70372 ,1.22484 ,2.36921 ,0.04930 ,0.96294 ,-2.38848 ,0.98483 
20160712,25.28,-0.55901 ,1.65908 ,-0.04641 ,-0.26522 ,2.40233 ,-1.15441 ,-0.73752 
20160713,25.41,-0.49101 ,0.20257 ,2.36061 ,1.59222 ,0.85979 ,-1.51788 ,0.01328 
20160714,25.49,-0.30245 ,-0.19260 ,0.04219 ,1.46408 ,2.37608 ,-0.66851 ,-1.49488 
20160715,25.24,0.07481 ,-0.88486 ,2.56749 ,1.42164 ,0.96837 ,1.13781 ,-1.32038 
20160718,25.22,-0.17849 ,0.80224 ,1.86032 ,0.28638 ,1.69084 ,1.45535 ,-0.58652 
20160719,24.48,-0.87596 ,4.51465 ,-1.68865 ,-2.46291 ,4.01745 ,1.94640 ,-0.67795 
20160720,24.44,-1.79631 ,5.80714 ,0.19939 ,-2.10025 ,2.82080 ,1.00152 ,0.33344 
20160721,24.59,-2.45118 ,6.27034 ,2.31036 ,-1.07887 ,1.43224 ,-0.32951 ,0.91479 
20160722,24.6,-2.73940 ,5.82210 ,2.65083 ,0.40448 ,1.07646 ,-1.73971 ,1.40800 
20160725,23.92,-2.67282 ,5.42354 ,-0.54952 ,0.51327 ,2.63305 ,-1.07579 ,-0.43517 
20160726,24.65,-3.20230 ,8.25997 ,-4.10183 ,-2.47756 ,3.67777 ,1.93358 ,-1.59557 
20160727,24.16,-3.76754 ,4.16648 ,-0.14809 ,3.10984 ,0.93996 ,-2.55028 ,0.54754 
20160728,24.49,-3.44889 ,5.93447 ,0.26294 ,0.42150 ,0.81674 ,0.86089 ,-0.74186 
20160729,24.12,-3.89162 ,4.08674 ,-0.41422 ,2.61009 ,1.00750 ,-1.08574 ,0.27650 
20160801,24.35,-3.78934 ,4.94737 ,1.67692 ,1.79999 ,0.02045 ,1.24851 ,-1.00427 
20160802,24.25,-4.09758 ,3.88968 ,1.85179 ,2.82763 ,0.02677 ,-0.16954 ,0.34798 
20160803,24.25,-4.04734 ,3.64313 ,-1.48292 ,2.26064 ,1.79283 ,0.77002 ,-0.97848 
20160804,24.34,-4.13748 ,3.85403 ,0.58412 ,2.23026 ,0.87284 ,0.66073 ,-0.19924 
20160805,24.64,-4.09889 ,2.54540 ,1.52716 ,3.30767 ,0.06875 ,1.12227 ,-0.57003 
20160808,24.68,-3.83525 ,0.40458 ,-0.77978 ,4.28729 ,1.40565 ,-0.08654 ,-0.07928 
20160809,24.71,-3.22998 ,0.11119 ,1.00269 ,3.18291 ,0.48235 ,2.08259 ,-0.91021 
20160810,24.35,-3.07910 ,-0.38160 ,2.27595 ,3.61642 ,0.02447 ,1.80661 ,-0.39450 
20160811,24.99,-3.11105 ,2.04181 ,1.72229 ,0.81177 ,0.88240 ,3.78169 ,-0.72639 
20160812,25.03,-3.13255 ,-1.34584 ,-0.60696 ,3.79514 ,2.40830 ,-0.49189 ,1.13877 
20160815,25.03,-2.36668 ,-2.45405 ,0.86599 ,3.67387 ,1.42288 ,0.48446 ,0.66715 
20160816,25.03,-1.98038 ,-2.01958 ,1.79593 ,2.52451 ,1.09644 ,1.79476 ,0.46441 
20160817,24.97,-1.85118 ,-2.56768 ,2.10956 ,2.63795 ,1.17025 ,1.94707 ,0.12393 
20160818,24.99,-1.91615 ,0.02544 ,1.44018 ,-0.23208 ,2.66012 ,1.85235 ,1.34923 
20160819,24.83,-1.97431 ,-1.12414 ,2.78714 ,1.04824 ,1.73543 ,0.64292 ,2.25862 
20160822,25.05,-1.85591 ,-0.49082 ,-0.18152 ,-0.47675 ,3.58902 ,1.40835 ,1.08596 
20160823,25.09,-1.91369 ,-1.63376 ,-2.30662 ,0.68226 ,4.39888 ,-0.65794 ,1.53158 
20160824,25.07,-1.58757 ,-2.09994 ,-0.76746 ,0.76585 ,3.08433 ,-0.04104 ,0.71559 
20160825,25.15,-1.41124 ,-1.80469 ,1.12594 ,0.26471 ,2.14281 ,0.34493 ,0.81005 
20160826,25.22,-1.35640 ,-2.78693 ,-0.00461 ,0.83835 ,2.48417 ,0.38346 ,0.35549 
20160829,25.08,-1.20733 ,-3.68844 ,-2.40075 ,0.78342 ,3.37558 ,0.34048 ,0.45713 
20160830,25.08,-1.02944 ,-2.65056 ,2.39725 ,-0.20946 ,1.25776 ,1.68039 ,0.67484 
20160831,24.55,-1.14738 ,-2.06117 ,2.13676 ,-0.43671 ,1.65710 ,0.80614 ,1.23214 
20160901,24.83,-1.47875 ,1.90789 ,0.95890 ,-3.79693 ,2.71364 ,2.93518 ,0.77458 
20160902,24.83,-2.09290 ,0.99751 ,3.03953 ,-1.02769 ,1.73734 ,-1.00673 ,2.15039 
20160905,24.57,-2.02322 ,2.07280 ,2.04027 ,-2.29914 ,2.51158 ,0.04743 ,0.53663 
20160906,24.54,-2.42686 ,2.84327 ,-0.29786 ,-1.84155 ,3.52271 ,-0.70883 ,-0.30260 
20160907,26.99,-2.65270 ,3.79755 ,1.62484 ,-1.67600 ,2.34138 ,-1.33325 ,0.52569 
20160908,24.68,-1.72296 ,-6.81041 ,-3.67358 ,8.41289 ,2.47670 ,-11.98613 ,4.46250 
20160909,24.69,0.22267 ,2.29499 ,-2.91797 ,-2.98139 ,3.44189 ,1.88265 ,-3.05345 
20160910,24.96,-1.57335 ,3.69292 ,1.65262 ,-1.41712 ,1.00030 ,1.28355 ,-1.18308 
20160912,24.93,-1.97923 ,1.84964 ,0.75901 ,1.22359 ,0.99110 ,-1.32314 ,-0.36501 
20160913,24.9,-1.82879 ,3.14933 ,2.40848 ,0.11943 ,0.75594 ,-0.92192 ,0.89831 
20160914,25.17,-1.85485 ,1.94879 ,0.12285 ,1.31354 ,1.41457 ,0.17571 ,-1.78021 
20160919,25.22,-1.83337 ,0.58940 ,-1.15312 ,2.75075 ,1.46499 ,-0.92031 ,-1.23998 
20160920,25.08,-1.37608 ,0.20077 ,1.41834 ,2.72976 ,0.15544 ,0.60347 ,-1.52655 
20160921,25.13,-1.26679 ,1.37256 ,0.42139 ,1.51748 ,0.97257 ,1.29819 ,-1.75879 
20160922,25.32,-1.37707 ,1.33314 ,1.49072 ,2.07599 ,0.39658 ,1.08345 ,-1.46397 
20160923,25.42,-1.17859 ,-0.25428 ,-0.11289 ,2.79744 ,1.25883 ,0.58858 ,-0.91300 
20160926,25.32,-0.96938 ,-1.20321 ,-6.49814 ,2.27821 ,3.06104 ,0.31176 ,-1.28026 
20160929,25.3,-0.70006 ,-0.82261 ,0.73609 ,2.24205 ,-0.37417 ,1.88673 ,-1.01120 
20160930,25.42,-0.71567 ,0.01239 ,2.03474 ,1.84064 ,-0.41923 ,1.72374 ,-0.52930 
20161003,25.47,-0.69927 ,-0.55526 ,0.96782 ,2.48393 ,0.45358 ,1.05423 ,0.01682 
20161004,25.43,-0.49205 ,-1.51844 ,-3.87978 ,1.48838 ,2.43244 ,0.98728 ,-0.14084 
20161005,25.45,-0.45886 ,-2.14150 ,-2.58532 ,1.49545 ,0.90161 ,1.55145 ,0.45465 
20161006,25.64,-0.36552 ,-2.45272 ,-1.76308 ,1.56225 ,0.24457 ,2.02588 ,0.33646 
20161007,25.77,-0.38110 ,-3.37908 ,-4.34976 ,1.91441 ,1.01156 ,0.33864 ,1.51605 
20161011,26.2,0.19464 ,-4.00340 ,-0.53267 ,2.07469 ,-0.52219 ,1.55545 ,0.72161 
20161012,26.42,0.58004 ,-6.09497 ,-8.34904 ,1.77077 ,0.78157 ,0.51008 ,0.56439 
20161013,26.49,1.41032 ,-7.31395 ,-8.13038 ,1.06252 ,-0.95829 ,0.78197 ,0.52423 
20161014,26.54,2.06889 ,-7.31753 ,-7.24007 ,-0.28507 ,-2.63168 ,1.48477 ,0.51271 
20161017,26.48,2.62847 ,-7.12294 ,-0.46658 ,0.29449 ,-3.94999 ,1.80745 ,0.60738 
20161018,26.75,2.93575 ,-6.20707 ,-0.10957 ,-0.78037 ,-3.14167 ,2.29617 ,0.57042 
20161019,26.81,3.12460 ,-7.15685 ,-2.71551 ,-0.33462 ,-1.73178 ,0.33589 ,1.28216 
20161020,26.66,3.75120 ,-7.13202 ,0.85003 ,-0.41297 ,-3.01801 ,1.11362 ,0.96480 
20161021,26.9,3.95117 ,-5.62691 ,0.50808 ,-1.56259 ,-2.19024 ,1.92206 ,0.80577 
20161024,27.07,4.18968 ,-6.55412 ,0.41795 ,-0.96452 ,-1.11798 ,0.00035 ,0.46804 
20161025,26.96,4.69351 ,-6.95525 ,0.95831 ,-0.63603 ,-0.90467 ,-0.50399 ,0.34465 
20161026,26.86,5.08070 ,-5.90266 ,1.73502 ,-1.80248 ,-0.86364 ,0.67661 ,-0.05313 
20161027,27.07,5.06357 ,-4.84217 ,0.92763 ,-2.71526 ,-0.22325 ,0.72641 ,-0.40999 
20161028,26.88,5.09268 ,-5.67894 ,0.65350 ,-1.20941 ,0.17565 ,-0.90306 ,0.39990 
20161031,26.8,5.37473 ,-3.82096 ,2.66567 ,-2.88735 ,-0.17841 ,0.35576 ,0.32106 
20161101,26.97,5.17056 ,-2.34228 ,2.75260 ,-3.04163 ,0.31366 ,-0.23205 ,0.31388 
20161102,26.94,5.07428 ,-3.49642 ,-0.38967 ,-1.69094 ,1.76588 ,-1.82965 ,-0.02570 
20161103,26.87,5.32300 ,-2.86135 ,1.35005 ,-2.20929 ,0.78110 ,-1.24422 ,0.02898 
20161104,26.78,5.30788 ,-2.16590 ,2.27547 ,-2.23179 ,0.38138 ,-0.86358 ,-0.36598 
20161107,26.78,5.15721 ,-0.98338 ,0.02658 ,-3.13340 ,1.62596 ,-0.88195 ,-0.99310 
20161108,26.76,5.07832 ,-0.08592 ,1.37674 ,-3.28199 ,0.91898 ,-1.75000 ,0.01004 
20161109,26.88,4.96458 ,0.42063 ,0.53667 ,-3.33628 ,1.16997 ,-2.38022 ,-0.13571 
20161110,26.97,4.97752 ,0.03068 ,2.50817 ,-1.92616 ,0.04371 ,-3.15212 ,0.12773 
20161111,27.07,5.17742 ,-1.06317 ,-0.30157 ,-1.23343 ,0.94045 ,-2.32560 ,-1.61952 
20161114,26.97,5.42461 ,-1.94747 ,2.27109 ,0.03357 ,-0.44456 ,-2.17911 ,-1.38398 
20161115,26.72,5.57969 ,-1.02123 ,0.53235 ,-1.35625 ,0.42440 ,-0.76281 ,-2.17494 
20161116,26.88,5.32175 ,1.05087 ,0.32746 ,-2.59235 ,0.72081 ,-0.08047 ,-2.03527 
20161117,27.07,5.04620 ,0.38475 ,1.38419 ,-0.89168 ,0.12889 ,-1.54761 ,-0.71990 
20161118,27.14,5.25898 ,-1.17398 ,-0.26446 ,0.04738 ,0.90278 ,-2.02529 ,-0.43120 
20161121,27.15,5.60726 ,-2.05193 ,2.44712 ,1.09487 ,-0.47738 ,-1.27776 ,-0.35851 
20161122,27.28,5.84498 ,-2.32715 ,1.17182 ,0.90904 ,0.28849 ,-0.25892 ,-1.39284 
20161123,27.38,6.00156 ,-3.43818 ,0.26752 ,1.51777 ,0.89644 ,-0.41527 ,-1.24208 
20161124,27.45,6.33801 ,-3.39548 ,-0.25738 ,0.87818 ,1.02959 ,0.15178 ,-1.14711 
20161125,27.33,6.67229 ,-3.40068 ,-0.93226 ,0.16345 ,1.25703 ,1.03370 ,-1.25977 
20161128,27.36,6.74848 ,-2.99228 ,0.57951 ,-0.34932 ,0.47440 ,1.51929 ,-0.82235 
20161129,27.31,6.80745 ,-2.47471 ,1.56726 ,-0.54146 ,0.43139 ,0.76959 ,-0.04291 
20161130,27.08,6.85448 ,-1.65978 ,2.13012 ,-1.04806 ,0.43817 ,0.48834 ,0.03775 
20161201,27.16,6.65322 ,0.72214 ,1.98667 ,-2.50289 ,0.90488 ,0.43502 ,0.26074 
20161202,27.25,6.35501 ,0.78096 ,1.38031 ,-1.62152 ,1.18162 ,-0.96230 ,0.37664 
20161205,27.27,6.45134 ,0.04806 ,1.96622 ,-0.73108 ,0.73639 ,-1.47942 ,0.13889 
20161206,27.24,6.56959 ,-0.18251 ,2.57752 ,0.03554 ,0.34907 ,-1.36253 ,-0.34288 
20161207,27.32,6.59305 ,-0.09014 ,0.42758 ,-0.01542 ,1.42927 ,-0.75391 ,-1.90688 
20161208,27.38,6.51151 ,-0.47233 ,1.65698 ,1.18465 ,0.49631 ,-0.66245 ,-0.88115 
20161209,27.3,6.79890 ,-0.97285 ,-0.30535 ,0.51013 ,1.47663 ,-0.61918 ,-1.88272 
20161212,27.1,6.94815 ,-0.21289 ,2.70168 ,0.01243 ,-0.01471 ,0.42490 ,-1.79586 
20161213,27.03,6.74942 ,1.56493 ,1.57725 ,-1.21355 ,0.84891 ,0.97588 ,-1.94924 
20161214,27.36,6.36608 ,2.65880 ,1.69657 ,-1.00180 ,1.07985 ,-0.58128 ,-0.89182 
20161215,26.77,6.20534 ,0.29870 ,-0.23573 ,1.44216 ,1.63256 ,-3.22921 ,0.42571 
20161216,26.31,6.31023 ,3.38349 ,2.39240 ,-1.44873 ,0.55804 ,0.41555 ,-1.54320 
20161219,26.34,5.27694 ,6.07288 ,-1.09471 ,-2.88005 ,2.29742 ,1.19537 ,-1.44628 
20161220,26.55,4.39678 ,5.93563 ,-0.90348 ,-1.39779 ,1.77988 ,-0.28011 ,-0.79326 
20161221,26.29,4.25189 ,4.88675 ,2.37310 ,0.50807 ,-0.22767 ,-1.67283 ,0.29690 
20161222,26.48,4.17123 ,6.11826 ,0.54130 ,-0.72012 ,0.77081 ,-0.17271 ,-1.12329 
20161223,26.43,3.83033 ,4.58729 ,1.63270 ,1.99169 ,-0.25088 ,-1.51487 ,-1.02585 
20161226,26.49,3.91561 ,4.53083 ,0.73941 ,1.82826 ,0.17306 ,-0.63436 ,-1.78170 
20161227,26.68,3.85449 ,4.43710 ,2.29141 ,2.55672 ,-0.68557 ,-0.73235 ,-1.27318 
20161228,26.93,3.94726 ,2.42300 ,-0.06801 ,4.08189 ,0.26395 ,-0.29407 ,-2.10424 
20161229,27.06,4.40752 ,0.62481 ,-0.69790 ,4.57513 ,0.61467 ,0.19244 ,-1.94046 
20161230,27.01,4.89559 ,-0.92496 ,-0.06004 ,4.95556 ,0.01972 ,0.93921 ,-1.72370 
20170103,27.12,5.26119 ,-0.76372 ,-0.27637 ,3.78098 ,0.47453 ,2.23703 ,-1.78143 
20170104,27.13,5.41689 ,-1.46551 ,-0.11940 ,3.83427 ,0.51532 ,2.17488 ,-0.98689 
20170105,27.22,5.71411 ,-1.62055 ,1.26892 ,3.07245 ,0.12231 ,2.77908 ,-0.23757 
20170106,27.05,5.89428 ,-2.39930 ,-1.35409 ,2.47164 ,1.83501 ,2.46279 ,0.19171 
20170109,27.01,5.94281 ,-1.52181 ,-7.53613 ,-0.26309 ,4.06824 ,3.19168 ,-0.33839 
20170110,26.73,5.88502 ,-0.40185 ,2.05241 ,0.04524 ,-0.18091 ,2.15210 ,1.79887 
20170111,27.05,5.64683 ,1.80698 ,2.03722 ,-1.62693 ,0.15956 ,2.14881 ,1.74802 
20170112,27.05,5.39510 ,0.49207 ,1.67395 ,0.68765 ,0.93542 ,-1.17696 ,2.76453 
20170113,27.21,5.76960 ,0.04891 ,2.02330 ,0.50189 ,0.58357 ,0.19639 ,1.47215 
20170116,27.3,5.88980 ,-1.28864 ,0.63943 ,1.52037 ,1.31736 ,-0.59981 ,1.20645 
20170117,27.42,5.87791 ,-2.95043 ,-15.86372 ,-0.49990 ,4.65890 ,-0.42409 ,-0.29799 
20170118,27.35,6.00027 ,-3.21829 ,-15.02316 ,-1.67563 ,0.27956 ,-0.26908 ,0.71901 
20170119,27.13,6.42247 ,-2.61202 ,-0.26662 ,-0.58095 ,-4.70090 ,1.23272 ,1.20799 
20170120,27.34,6.36945 ,-0.75541 ,0.62343 ,-1.85538 ,-3.56544 ,1.63122 ,1.14418 
20170123,27.27,6.35831 ,-1.48916 ,1.80681 ,-0.39673 ,-2.39217 ,0.08006 ,1.80578 
20170124,27.22,6.47772 ,-0.91223 ,1.21165 ,-1.00047 ,-1.96293 ,0.13728 ,1.68663 
20170202,27.3,6.47778 ,-0.27357 ,0.90005 ,-1.43989 ,-1.37206 ,-0.23401 ,1.01582 
